URI,Popularity,Acousticness,Danceability,Energy,Instrumentalness,Loudness,Speechiness,Tempo,Valence,Duration (ms)
spotify:track:1fhLgOJgIIZEsWWffk8ljs,0.378870674,1.073423731,0.763747984,0.764426351,0,1.140800813,0.623769054,1.30901602,1.082027957,1.199300902
spotify:track:5dae01pKNjRQtgOeAkFzPY,1.486338798,1.223083771,0.522345351,0.658988233,0,0.998674534,0.748954539,1.546055563,0.608640726,1.156289977
spotify:track:68GJRIs9vkHFy9l0Sbdsix,0.349726776,1.175347379,0.984340045,0.471542691,9.034227748,0.55437507,0.707945501,1.224936699,0.683781556,0.889299646
spotify:track:33FdwvfiSBRbE2AQ4UehaR,0.29143898,0.994723193,1.311066022,0.650201724,2.46478E-05,0.865302111,1.126669365,1.287422182,1.46148915,1.041874868
spotify:track:68ZOKozM9xmlp1iwaQSwY7,0.757741348,0.887638855,1.583684512,1.312118794,0.000186847,0.81492615,0.867664913,0.920996231,1.743267264,0.963046215
spotify:track:5uEwpyOYHFGqme4WnVQhfs,0.262295082,1.141802887,1.639873056,0.462756182,6.231530031,1.003134045,0.787805207,1.074123776,1.068878312,1.061722871
spotify:track:7Jf323ttHKUnPylFWiaGl3,0.932604736,0.796036589,1.539982311,1.118815578,0.054563158,0.682957647,1.215162552,1.378259453,1.570443354,1.002184792
spotify:track:00vJeips2Rwr2qN1qODvyf,0.349726776,1.270820163,0.672181468,0.255394551,0.098591352,0.439914278,0.70147039,0.793152904,0.291170718,1.178504085
spotify:track:3RxI4EHxmNqd7nHJPqbxUm,0.087431694,1.176637552,0.8553145,0.603340338,0.028822069,0.969357376,0.761904762,0.643195181,0.563556228,1.190684485
spotify:track:0zII0Soax7wbm3Avw7iVAd,1.194899818,1.038589067,0.418292493,0.623842194,0.000816957,0.799978528,0.643194388,0.89539596,0.381339714,1.213456021
spotify:track:1hVEHu6SemMvlYAP5MWkDj,0.87431694,1.212762389,0.51610218,0.64434405,0.019579129,1.110740403,0.645352759,0.663496921,0.358797465,1.435318386
spotify:track:3GVyT9fBXuEkGs1STo2WHZ,1.194899818,1.065682695,1.096717132,1.853953563,0,1.293084867,2.460542291,1.702724758,1.805258449,0.693422925
spotify:track:7bETs6oajlWYVo9ycX74Vp,0.408014572,1.254047917,0.349617606,1.338478323,1.32184E-05,1.392102536,0.809388911,0.806389935,0.379461193,1.243106459
spotify:track:3Rd7lzhb3AtQPuQ4UZiSCc,0.29143898,1.103097705,0.830341814,1.274043918,0,1.265584547,0.833130986,1.566868565,1.277394116,0.968187601
spotify:track:1nz7qrpaifFdBUp22qde4O,0.87431694,1.248887226,0.769991156,0.41296596,1.58024E-05,0.837058539,0.841764468,0.616349291,0.56919179,0.945967563
spotify:track:0VLsWxGXctGx9QtaHCpVEk,0.524590164,1.165025997,0.599344467,0.494973384,0.000419411,1.007015472,0.634560907,0.66382227,0.430181254,1.091373309
spotify:track:0d1IE5LVXuy4V638hzBNJV,0.174863388,1.210182043,0.409968264,1.130530925,0.113300546,1.310509995,0.714420612,0.801500414,0.398246401,1.275994724
spotify:track:0BHroBUvBAp561BYqC9LRK,1.428051002,1.250177399,0.776234327,0.363175738,0.008855332,0.930543111,0.738162687,0.807393868,0.659360786,1.097066193
spotify:track:5eOP7g5BLBpmksOeoFn77Y,0.845173042,1.104387878,0.996826388,0.442254326,8.507479596,0.124775476,0.744637798,1.10527356,1.044457542,1.091136105
spotify:track:2gCQe48O4GMJz6oFBqnN9e,1.049180328,1.15728496,0.959367359,0.726351475,0,1.151206339,1.038176177,1.306617737,0.758922387,1.100624245
spotify:track:4wnFpRgQu2gLN8d76dYOGr,0.932604736,1.095356668,0.996826388,0.278825244,0,0.719955075,0.591393498,0.648688922,0.657482266,1.077455394
spotify:track:3rIhZKroSQQjNcgGQsdaJF,1.078324226,1.09148615,0.310077519,0.401250613,0.000194797,0.73242519,0.70362876,0.770174011,0.475265752,0.950871745
spotify:track:5vIe5BmOlPXarqRxJh9FNE,1.078324226,1.21792308,0.576452838,0.553550116,0,0.973982055,0.710103872,0.805516143,0.390732318,0.986606453
spotify:track:4cS2Ya30FLHqNb3hwbtjrJ,0.699453552,1.195990143,1.102960304,0.249829761,0,0.990581347,0.705787131,0.728520121,0.210394325,1.152648903
spotify:track:5bETzPVHt11c82M57szEJV,0.816029144,0.866996091,0.437022007,0.793714717,3.389077736,1.207363149,0.712262242,0.569619966,0.428302733,1.082596779
spotify:track:1RWg0d6f3GkPHWTW38TcFt,0.757741348,0.980531293,1.042609646,2.023826086,9.223061992,0.961842274,0.65398624,0.93273666,1.673761996,0.999178238
spotify:track:7GtpZ01gEJDxrXfH2ayvuc,0.43715847,1.139222542,0.341293377,1.34140716,9.004411815,1.324631781,0.785646837,1.008858888,0.123418814,2.056157039
spotify:track:1mMSH14XSSjzLvNuf62azx,1.224043716,1.02568734,1.329795536,0.849362612,0,1.034763543,0.949682989,1.142391164,1.252973346,0.939485977
spotify:track:7iv8br1y5Hv63QX5Z2HFjv,1.194899818,1.081164768,0.80328807,0.518404077,0.002434968,1.073990726,0.645352759,0.907982295,0.548528062,1.041394531
spotify:track:3ZWp5lfQT2yDRWzJDIAed3,0.466302368,1.014075785,1.130014047,0.316314352,0,0.574029953,1.146094699,1.156790155,0.751408304,1.080064632
spotify:track:4iyzrJ3qIGBvG8yl5dWHQ8,0.932604736,1.148253751,0.630560325,0.547692443,2.72319E-05,1.040792141,0.636719277,0.841127848,0.432059775,1.164509078
spotify:track:049uxirFkHOefJ0yqPW8Kk,1.224043716,1.260498781,0.836584985,0.465685018,0.00017492,0.464111257,0.660461352,0.630209133,0.529742854,0.776206947
spotify:track:30F5DTdI9dYwW69OEe0L56,0.670309654,1.268239817,0.495291608,0.363175738,0.122245326,0.793702179,0.75327128,0.590451559,0.362554506,1.268801528
spotify:track:5tAipU3eQhBly8sJQyn5c8,0.786885246,1.134061851,0.749180584,0.67949009,0.000206724,1.073908142,0.625927425,0.676473674,0.802128364,1.093905456
spotify:track:4YQU4nreaVr16nDq1uaI0E,0.670309654,0.552193939,1.161229905,0.641415214,0,0.831608025,1.266963443,1.111483067,0.7420157,0.945848961
spotify:track:5ZqiHCo9WbLBLPTALP9aRC,1.31147541,1.087615632,1.404713595,0.67949009,0,0.941196388,2.201537839,0.59901287,1.123355414,1.005902957
spotify:track:0EIEvpiVxoXEn5GZWvG1RT,0.932604736,1.113419087,0.8844493,0.550621279,0,1.180193163,0.623769054,0.902126024,0.943017421,1.100784358
spotify:track:1LvJvqApB38VYkZDoFfhxC,0.87431694,0.940535938,1.660683627,0.91965469,0,1.021715343,0.932416026,1.040083038,1.818408095,0.75541606
spotify:track:2vZNvA8PEvBdeWr4EkZjLG,0.757741348,0.614122231,0.790801727,0.615055685,2.30577E-05,0.934837455,0.662619722,0.724987767,0.971195232,1.072397029
spotify:track:2dX2phLETbjqZA0D78ms4T,0.903460838,1.23211498,0.58269601,0.442254326,0.010634349,0.817651407,0.766221503,0.708534434,0.330619654,1.294259394
spotify:track:5HisVcYPaIB4uHdrnW6HCt,1.107468124,0.667019314,1.06133916,1.007519788,7.493737868,0.914852237,0.979900175,1.099435881,1.328114176,1.124581799
spotify:track:1uRKT2LRANv4baowBWHfDS,1.719489982,0.264485415,1.687737371,2.515870633,3.70711E-05,1.478319755,3.626062323,0.842986982,1.472760275,0.770276859
spotify:track:7985fUI9WlsIIrQuO9TBDh,0.903460838,1.07729425,1.639873056,2.571518529,8.73607E-05,1.270456976,0.884931876,0.93016176,1.745145785,1.073743159
spotify:track:4AyqwjnbbWfFLPKL4UUSzU,0.990892532,1.250177399,0.763747984,0.559407789,8.795700283,0.296879581,0.740321058,1.001180666,0.398246401,1.078487229
spotify:track:4dnbvB2Y3cZncApCwowEQx,0.757741348,0.265775587,0.503615837,0.612126848,0.287226823,0.925010013,0.699312019,0.866979102,0.415153088,0.909515315
spotify:track:5koEBSDfDV8MQVN0tg67z5,1.02003643,0.981821466,0.493210551,0.925512363,0,1.075394646,0.725212465,0.77071316,0.54477102,1.064255019
spotify:track:4bsND9IuJz18UtFx2MwwO8,1.107468124,1.086325459,0.919827272,0.544763606,0,1.137992972,0.576284905,0.685806525,1.095177602,1.061248464
spotify:track:1VbPvNOeKkkQGoMgeWeMzL,0.29143898,1.159865306,1.375578794,1.7368001,0.000458172,1.088360262,3.539727506,1.283229836,1.408890569,0.815980044
spotify:track:6xNwKNYZcvgV3XTIwsgNio,1.806921676,1.083745113,1.448415795,0.615055685,1.61006E-05,1.015438993,1.446108188,0.869544706,1.346899384,0.756441965
spotify:track:07tMKurz0WxXRP7ktP2r8C,0.72859745,0.837322117,0.978096873,0.465685018,0.00703656,0.618129565,0.625927425,0.744657402,0.804006885,0.932446963
spotify:track:1ntGJDSakqsaw1KhptKrB5,1.428051002,1.064392522,0.813693356,0.805430063,0,1.317942514,0.597868609,0.662604537,0.456480544,0.995068687
spotify:track:2VqsUEpRPvgiiBdsBuQrJz,0.641165756,0.846353327,1.098798189,0.770284024,2.57411E-05,0.739775125,0.770538244,1.286864442,1.068878312,0.932684167
spotify:track:70gZnClysSHCBwI0H4qr5O,0.670309654,0.894089719,1.179959419,0.817145409,2.872268228,1.028569777,0.813705652,0.814123931,1.43518986,0.866344277
spotify:track:6yhLR2sVn1IfsScVrR4ocr,1.719489982,1.11470926,0.865719786,0.998733278,0,1.11230949,0.843922838,1.647462009,1.457732109,0.731535598
spotify:track:64Ny7djQ6rNJspquof2KoX,1.981785064,0.945696629,0.742937412,2.214200464,0.050190154,1.298700548,1.340348037,1.624854944,1.784594721,0.806652016
spotify:track:4h0igWYayzteBtSNpWYQ9h,1.544626594,1.184378588,1.271525935,0.52426175,0,0.680562724,1.05328477,1.237002477,1.044457542,0.818826486
spotify:track:2qQF7Un1hKV40IJkFJ72TU,0.699453552,1.081164768,1.14250039,0.890366324,0,1.076468232,0.682045056,0.971564667,1.388226841,1.053420749
spotify:track:5ueyLj6e6oVaTY0KQ6yLaA,1.719489982,1.136642196,1.298579678,1.370695525,6.31104E-05,0.995618943,2.849048968,0.689171557,1.788351762,0.694294648
spotify:track:1eqGYJJr2z2GXK1i0hD3BC,1.486338798,1.046330104,1.188283648,0.574051972,0,0.908575888,0.60002698,0.824786063,1.042579021,0.797952578
spotify:track:7ycFNferNuk6wAjBa0vWvl,1.515482696,0.691532596,1.313147079,1.71922708,2.882206872,1.058382436,0.906515581,1.420852206,1.247337784,0.76695601
spotify:track:1gA4f2lkenxCcWLPjKRV0N,0.612021858,1.001174057,1.121689818,1.646006165,0.177901735,1.463454717,0.645352759,0.817972338,1.23794518,0.914010321
spotify:track:6DoXmlpsO3f5eEDKQYEeTq,0.72859745,0.694112942,1.367254565,1.45270295,0,1.050867334,0.943207878,1.327997775,1.360049029,0.84006213
spotify:track:7ow0KcdNRitEedvwQNTd6S,1.16575592,0.970209911,0.946881016,0.714636129,9.46159E-05,0.670652699,0.884931876,1.36165739,0.719473451,0.902559322
spotify:track:6Dr0EbXrRpMs5GeCjOxnE5,1.428051002,1.001174057,1.136257219,2.387001823,0,1.536954071,1.014434102,1.101434449,1.701939807,0.918214753
spotify:track:6hdPYYPHJz6IPuH4KayU1d,0.903460838,1.177927725,1.471307424,1.32383414,0,0.987195422,1.579927155,1.093217079,1.43518986,0.912207574
spotify:track:2IKvYPWeWZufWdh3n306sK,0.612021858,1.23211498,0.772072213,0.553550116,3.64748E-05,0.789160084,0.874140024,1.19873221,0.894175881,1.227332426
spotify:track:48skOMMuEQSfwo0JZpfqjk,0.72859745,0.587028603,1.248634306,2.173196752,0,1.607563001,1.30365574,1.284912352,1.577957437,0.844995962
spotify:track:205EtD8tQnHDXMkmtYiaHF,1.136612022,0.111212891,1.465064253,1.868597746,2.494599741,1.213639498,0.986375287,1.277187651,1.572321875,0.83535364
spotify:track:5gJKsGij5oGt5H5RSFYXPa,1.74863388,0.156110903,1.396389366,2.173196752,6.748339539,1.181431916,0.95184136,0.834267645,1.685033121,0.801985037
spotify:track:6YAgmqaeo8Fm3pne8OJEBo,1.369763206,1.24630688,0.555642266,0.600411502,0.020175448,0.864476276,0.75111291,0.823447487,0.334376695,0.858676674
spotify:track:0dwpdcQkeZqpuoAPYD49N3,1.486338798,0.985691984,1.462983195,2.272777196,0,1.092984941,3.000134898,1.647963976,1.730117619,0.899161382
spotify:track:3E5ndyOfO6vFDEIE42HA8o,1.690346084,0.980531293,1.14250039,1.549354558,0,0.984965666,2.331040065,0.769263036,0.871633632,1.093110825
spotify:track:5vjigjfoXuJEttqLB3HTAg,1.369763206,0.932794901,1.22366162,1.31504763,0,1.27475132,0.731687576,1.198481227,1.670004955,0.935370496
spotify:track:0DDkW8j34M5hvxj79uGmK7,1.31147541,0.944406456,1.161229905,1.414628074,0.000274307,1.155252933,0.628085795,1.070712265,1.399497965,0.85092605
spotify:track:4kh2S9hRpPvoF9JkwZcYGN,1.282331512,0.454140809,1.296498621,1.771946139,0,1.180523497,0.660461352,0.986856041,1.51033069,0.896077736
spotify:track:1KLpjQFgubHI3GkAICCNH3,1.74863388,0.922473519,1.094636075,2.266919523,0,1.860268644,0.990692028,1.224378959,1.343142343,0.893699771
spotify:track:5xghdTMuqQPqtDJ0bn3zkn,0.990892532,1.070843386,0.946881016,0.957729566,0,1.164832624,0.707945501,0.988157435,0.608640726,1.030886416
spotify:track:603N4XGJUTbK760GLCvIIs,1.515482696,1.199860661,1.250715363,0.278239476,0.002832514,0.474021282,0.807230541,1.143134818,1.26236595,0.859465376
spotify:track:4GvyP7CnBJEV2t7L7vOkjw,1.31147541,0.842482808,1.512928568,1.947676334,2.315704142,1.467088393,0.759746391,1.068806653,1.713210932,0.891487849
spotify:track:6bnFjTW3EnMG4BwreDnSHK,1.515482696,1.201150834,0.778315384,0.260373573,6.83779E-05,0.556852576,0.768379873,0.898677331,0.39636788,0.860651393
spotify:track:2kKL5kk4On8YRSKWDgXWMX,1.515482696,0.814099008,0.969772645,1.139317435,8.378277219,0.940866054,0.546067719,0.861067057,1.407012048,0.859228172
spotify:track:1RYznli2VNO7FCbW1Hq4KM,1.16575592,1.101807532,1.606576141,0.869864468,7.54343E-05,0.787756164,1.143936328,1.115359361,1.544144064,0.938139847
spotify:track:36NPEs4S7ik50NrlzaqoIJ,0.72859745,1.207601698,1.186202591,0.186274007,0,0.468240434,0.990692028,0.943668366,0.529742854,0.948179485
spotify:track:1CUN9HpU25ymyCh5dBCygu,0.816029144,0.485104956,0.940637844,1.886170766,0,1.251710512,1.057601511,1.347825435,1.604256728,0.742209755
spotify:track:39zODpVtRvghMyfNjZ3BVK,1.719489982,0.977950948,1.346443994,1.502493172,8.58699E-05,0.978276399,0.908673951,1.22369108,1.793987325,0.828077423
spotify:track:3ohLnESFgYACPMCkoTOzqE,1.661202186,0.260614896,1.109203475,1.868597746,0,1.411179334,0.736004317,1.456287294,1.760173951,0.911810259
spotify:track:79s3pSe1u6ggQBEwVPm58Z,1.369763206,0.29028887,1.184121534,2.11462002,0,1.263850293,0.848239579,1.32682652,1.812772532,0.946679173
spotify:track:6zFsz86nAj5gcvzyVqNL3k,1.690346084,1.183088416,1.000988502,0.166357918,0,0.306376688,0.770538244,1.039246428,0.948652983,1.016019687
spotify:track:45Szkclj1lt4ubm7RFK68t,1.719489982,0.197396431,1.236147963,1.561069904,0.000148086,1.339909736,0.945366248,0.730193342,1.369441633,0.814242528
spotify:track:1paWReMsPIqKGEOxdlHT2D,1.049180328,0.990852675,0.528588523,1.361909016,0,1.387147523,0.70147039,1.704472344,1.206010327,0.924856451
spotify:track:2XPEv2sB6c44DSocT2TwAc,0.845173042,0.0111987,0.942718901,1.783661485,0.000340896,1.449828433,0.638877647,0.719112905,1.803379928,0.874255014
spotify:track:789lq0oHhOa4pHh2y9rjkN,0.87431694,0.888929028,1.637791998,1.824665197,0.926281657,1.319429017,0.774854984,1.192885235,1.632434539,0.690024985
spotify:track:6CqTD9nWwf8R1yPVkIVdF5,0.524590164,0.583158085,0.792882784,2.10583351,0,1.371291483,1.066234993,1.060505622,1.057607187,1.065429176
spotify:track:39e0LjVC05qRY15TMmWGMN,0.174863388,1.274690681,0.842828157,0.058869616,8.825516216,0.098348742,0.811547282,0.724606645,0.509079126,1.120626431
spotify:track:79nJj5dMyTsUzKvN5jUXsJ,1.632058288,1.051490795,0.645127725,0.817145409,0,0.880827817,0.664778093,0.738048182,0.708202326,1.518814018
spotify:track:6jouZcdraQvsbh7SWkLEui,1.31147541,0.090957179,1.402632537,1.385339708,0.000476061,1.405976571,0.781330096,1.162386147,1.591107083,0.894654515
spotify:track:0qYok0f8O5DE8yJSo146dn,1.486338798,1.06826304,1.071744446,0.638486377,0,1.168301133,0.619452314,0.957425955,1.003130085,0.942486601
spotify:track:00vH2PsEQTGRyJYhyIyDbr,0.961748634,0.848933672,1.005150617,1.347264833,9.183307414,1.169622469,0.608660461,0.875512525,1.059485708,0.692236908
spotify:track:5j4CGIpT35ipZrF93ejrhl,1.049180328,1.125030642,0.767910098,1.127602088,0,1.24584708,0.608660461,1.004164576,1.380712758,0.826179795
spotify:track:1hClDWPgajpLIFjLOkFuau,1.398907104,0.869576436,1.323552365,2.615451077,0.014212261,1.478815256,1.014434102,1.205313543,1.666247913,0.881371119
spotify:track:3ohLnESFgYACPMCkoTOzqE,1.661202186,0.260614896,1.109203475,1.868597746,0,1.411179334,0.736004317,1.456287294,1.760173951,0.911810259
spotify:track:6g4Oyy8IwraOjPl7nqnROq,1.194899818,0.972790257,1.184121534,0.579909645,0.001987729,0.721524162,0.571968164,0.907210755,1.168439912,0.960751271
spotify:track:2nLLenueHlqs60IcDn9lan,1.4571949,0.29028887,1.648197284,2.354784621,4.97926E-05,1.38194476,1.422366114,1.234948134,1.651219747,0.733510317
spotify:track:0wz1LjDb9ZNEYwOmDJ3Q4b,2.069216758,0.85280419,1.144581447,2.50122645,0,1.507141412,0.777013355,1.48015857,1.812772532,0.885794965
spotify:track:5DTOOkooKFUvWj1XQTFa09,1.661202186,1.207601698,0.482805265,0.632628704,4.89975E-05,1.118503256,0.677728315,0.876284066,0.811520968,0.934421682
spotify:track:7GHf8dQ2wA71wYOuRsQCZP,1.690346084,0.808938317,1.37141668,1.933032151,0.002156686,1.311500997,0.95184136,1.084190985,1.26236595,0.867927611
spotify:track:4QelFzhVgLomeQhvKrwM1S,1.74863388,1.112128914,0.782477499,0.720493802,0,1.190433522,0.617293943,0.745205846,0.529742854,0.996806203
spotify:track:6MpCxTJNdkHIpvQRuID8zU,1.194899818,1.011495439,1.053014932,0.755639841,0,1.023697348,0.632402536,1.018758775,1.021915293,0.895840533
spotify:track:2JwLfiU13mnYuiqcqriOLl,0.699453552,0.728947606,1.666926799,0.881579814,1.391410214,0.992728519,1.00148388,1.114699368,1.444582464,0.962648899
spotify:track:4pbG9SUmWIvsROVLF0zF9s,2.18579235,0.498006683,1.019718017,2.094118164,0,1.541743917,1.027384325,1.215185543,1.626798977,0.864292467
spotify:track:6nEkxYIEnrbYH7h1hJ8Xn6,1.952641166,0.335444916,0.784558556,2.682814319,0,1.735815244,1.038176177,0.702129719,1.713210932,0.835667935
spotify:track:63kd4m3VFxcJjPVVtbVNAu,1.4571949,1.086325459,0,1.18617882,0.011330055,1.179532495,0,0,0,0.871722867
spotify:track:48i055G1OT5KxGGftwFxWy,2.069216758,0.922473519,1.288174393,1.766088466,0,1.217025423,0.738162687,1.184565612,1.799622887,1.061088352
spotify:track:3v9xlH6BpmRbqL7hgNJhfT,1.923497268,0.464462191,0.811612299,1.830522871,0,1.354774774,1.159044921,1.341718181,0.96555967,0.796926673
spotify:track:78VG6M1i7JQXBdygmWFwye,1.719489982,1.03987924,0.541074866,1.435129931,0,1.246755499,0.895723729,0.749221575,0.749529783,0.958539348
spotify:track:4591VqUIXysNlmI5NcAIUd,1.981785064,0.718626224,1.438010509,1.70165406,0.000459165,1.351719183,1.40294078,1.176971051,1.709453891,1.034444469
spotify:track:48obzdkQV1biEq8cPsGLys,1.16575592,0.338025262,1.552468654,1.411699238,0,1.346020918,1.016592473,1.256792955,1.31120749,0.881685414
spotify:track:69RH84na5iUNwrwxpgjC5j,1.923497268,0.961178702,1.148743562,1.408770401,3.40896E-05,1.111070737,0.871981654,1.253409332,1.564807792,0.909278111
spotify:track:2XkuSbp5say8nZW8g6156Z,1.544626594,0.919893174,1.211175277,1.684081041,3.63754E-05,1.018081667,1.141777958,1.306980268,1.048214583,0.83535364
spotify:track:3aSWQJcWnnqgwYbAgidvlV,1.865209472,0.263195242,1.427605223,2.091189327,0,1.602855739,0.619452314,1.178095826,1.810894012,0.970636727
spotify:track:2PzU4IB8Dr6mxV3lHuaG34,2.18579235,0.044898012,1.508766453,2.498297614,1.262207837,1.352379851,0.761904762,1.266832277,1.698182766,1.321300593
spotify:track:36ckFm0oicmvX8bWEErIHd,1.078324226,0.625733786,1.06133916,1.654792675,0,1.330660379,1.079185215,1.332822227,1.314964531,0.924856451
spotify:track:7GzisMgxLZgCi0Ed3yTw9y,0.670309654,1.103097705,0.70755944,1.17739231,0.093323871,0.931121195,1.60366923,0.878496435,1.070756833,2.515703242
spotify:track:0ZQ6ckgerHYM5mOUxTl99Q,1.60291439,1.006334748,0.998907445,2.017968412,0,1.345855751,1.392148928,1.091395128,1.119598372,1.113433235
spotify:track:7DD7eSuYSC5xk2ArU62esN,2.069216758,0.242552478,1.111284533,2.12340653,0,1.374347074,0.716578983,0.883116382,1.433311339,0.827603016
spotify:track:1Vzr9AOdHw65UHoK1Vuxls,1.428051002,1.212762389,0.8407471,0.720493802,0.000298159,0.859356096,0.884931876,0.662539467,0.527864333,0.84958585
spotify:track:745H5CctFr12Mo7cqa1BMH,2.302367942,0.819259699,1.190364705,1.224253696,0,1.113217909,0.75327128,0.972010859,1.303693407,0.978464442
spotify:track:0yjNmllr3Ew6f97TqPuEqa,1.224043716,1.008915094,1.487955882,0.957729566,0.003418894,1.024358016,0.712262242,0.784266245,1.339385301,0.868164814
spotify:track:5fmtvzDvwlfvNjdNrOj8TA,1.194899818,0.936665419,1.028042245,1.192036493,0,0.805594209,0.744637798,1.023731958,1.042579021,1.219777494
spotify:track:7ES3QjxzmFKMJWt90giLsv,0.29143898,0.993433021,0.998907445,1.218396023,0.006768217,1.034433208,1.828139754,0.871013422,0.804006885,1.22223255
spotify:track:6Pkj4nv5K53i64cLVgkVyY,1.544626594,0.032641371,1.263201706,1.754373119,0,1.264345794,0.608660461,1.114011489,1.380712758,1.058716317
spotify:track:4PEeZ2U4UfP2Jo8EtIOjus,1.515482696,0.08050678,1.352687165,1.646006165,0.00031903,1.507389163,0.744637798,1.14963249,1.656855309,1.048836791
spotify:track:3h4t9qpFktohHeUQc3hZCa,1.428051002,0.039350269,0.497372665,1.810021014,0,1.301012887,0.712262242,1.835885207,1.283029678,0.973085853
spotify:track:1OppEieGNdItZbE14gLBEv,2.18579235,0.443819427,1.011393788,2.12340653,0,1.235028636,1.426682854,1.796378617,1.303693407,0.995857389
spotify:track:2kt0TS6sYxz25uze84l5Oq,0.845173042,0.96504922,0.882368243,1.426343421,3.9854E-05,1.012631153,0.697153649,0.961162814,0.835941738,1.287617696
spotify:track:0gBFr7N2D1GfhkXIIepIGG,1.369763206,0.465752364,1.136257219,1.168605801,3.16049E-05,1.225531528,0.582760016,0.902999817,0.565434748,0.988504081
spotify:track:6RJK553YhstRzyKA4mug09,1.806921676,0.325123534,1.327714479,1.253542062,0,0.996114444,1.482800486,1.296132223,1.692547204,0.668913873
spotify:track:6RUpOheT93fUdI508K5w6U,1.31147541,0.460591673,1.408875709,2.11462002,1.470919369,1.358573617,0.636719277,1.23628671,1.686911641,1.035393283
spotify:track:2OiOI7sppJH3oDmafgkGiJ,0.116575592,1.266949645,1.641954113,0.54183477,8.885148083,0.609293126,1.459058411,1.117869191,0.882904757,1.085514382
spotify:track:5uvosCdMlFdTXhoazkTI5R,2.04007286,0.476073746,0.859476614,2.12340653,0.000214675,1.522089033,0.699312019,1.158407601,0.826549134,2.548514417
spotify:track:1JO1xLtVc8mWhIoE3YaCL0,2.156648452,0.709595015,1.215337391,1.07488303,0.000137153,1.204059807,0.707945501,1.117106946,1.104570206,1.045432921
spotify:track:3c2kMiSB86tVq1J4oULmvL,1.661202186,0.767652789,1.259039592,1.33262065,0,1.264758712,0.6496695,0.993009774,1.273637074,0.897157012
spotify:track:0aym2LBJBk9DAYuHHutrIl,2.273224044,0.014449935,0.80328807,1.777803812,0.000137153,1.364106714,0.563334682,1.368387454,0.999373044,2.524159547
spotify:track:0tS7Mli5NtOcpeCqC25GWd,1.4571949,0.211588332,1.003069559,1.46148946,8.934841304,1.128826199,0.578443275,0.970105247,0.527864333,0.9281773
spotify:track:2Qhvi6R73Zj3cpzRYzcAww,1.60291439,0.869576436,0.830341814,0.814216573,0.006897419,0.916338741,0.628085795,0.86625404,1.121476893,1.415707586
spotify:track:3zBhihYUHBmGd2bcQIobrF,2.069216758,0.882478164,1.600332969,1.07488303,0.000161006,1.07291714,0.673411574,0.963226452,1.005008606,0.971087413
spotify:track:5tUEIByLWg1sYWajZ2x5zx,1.224043716,0.601220503,1.425524166,2.038470269,0,1.328017706,0.785646837,1.171430832,1.803379928,1.078012822
spotify:track:6FRwDxXsvSasw0y2eDArsz,2.127504554,0.612832058,1.423443109,1.408770401,0.000652969,0.960273186,0.828814245,1.069726925,1.472760275,1.482521882
spotify:track:7a3g7jILDCvADVN9NQIyYj,1.60291439,1.106968223,1.321471307,0.489115711,0.009928706,0.926579101,0.869823283,0.778679548,0.462116107,1.421637674
spotify:track:3iEABTE7uVYkVQA8wCUnVZ,1.02003643,0.837322117,1.105041361,1.897886112,4.979260838,1.120650428,0.889248617,1.083614653,1.106448727,0.982573993
spotify:track:0iOZM63lendWRTTeKhZBSC,2.18579235,0.919893174,1.261120649,1.338478323,0.000251448,0.840939966,1.072710104,0.855508247,1.527237377,1.44710147
spotify:track:6IIcvtmuGpWIasqOpyGlyY,1.369763206,0.312221806,1.473388481,1.291616937,0.001460981,0.932112198,4.230406043,1.163734019,1.360049029,1.162297156
spotify:track:3iSws76HjaU7k49EqJVTfF,1.952641166,0.601220503,1.531658082,2.551016672,0,1.769922248,0.60002698,1.13774333,1.816529574,0.991433544
spotify:track:6aL6pPBaTMGgM558mplSnj,1.632058288,0.722496742,1.419280995,2.015039576,0,0.938553714,2.266288952,1.011628997,1.33562826,1.037368002
spotify:track:3RZMzCvYsmJ0u2ioKTOsmJ,1.923497268,0.491555819,1.169554133,2.249346503,0.298159332,1.453875026,1.307972481,1.11124138,1.814651053,1.063780612
spotify:track:7lL2lMWNtzOcf5HnEudNgn,1.89435337,0.316092325,1.691899485,1.812949851,0.15007353,1.322567192,0.634560907,1.065097682,1.453975067,0.827288721
spotify:track:3jJKKhg0t4HpdfNDyGiZDy,1.224043716,0.008773175,1.650278341,1.197894166,0.007444045,1.102399465,0.682045056,0.967186407,1.549779626,1.047804956
spotify:track:4t6NQkpUmvpvLDCkl3XuwA,1.428051002,0.817969526,1.365173508,1.903743785,0.147091937,1.038479802,1.241062997,1.359658821,1.748902826,0.931260946
spotify:track:6sPOmDulFtLzfX25zICNrC,2.127504554,0.403824072,1.373497737,1.499564336,0,1.406802406,0.634560907,1.241966364,1.600499687,1.052786229
spotify:track:1vXuYPpkLjn1v06E2EsWQY,1.661202186,0.328994052,0.857395557,1.72801359,0.323005943,0.986121836,1.513017672,0.797791442,1.226674056,1.237413575
spotify:track:6l8EbYRtQMgKOyc1gcDHF9,2.010928962,1.060522004,0.310077519,0.603340338,0.00645018,0.853079747,0.697153649,0.741459692,0.49592948,1.738227257
spotify:track:50q2aUjWoTn6CJIfSPRJQA,1.661202186,0.912152137,1.109203475,0.717564965,0.000418417,0.78998592,0.70362876,0.830363464,0.443330899,1.636704158
spotify:track:0zRtBDhwtIFTfoK2HuURbM,1.573770492,1.048910449,1.080068675,1.30626112,0.001232392,1.233046631,0.837447727,0.975691943,1.228552576,1.094059639
spotify:track:4ZEEcEMGjkWOfZNBcIB9yE,1.865209472,0.121147222,1.227823734,1.965249354,0,0.969027042,3.323890463,1.01632331,1.382591278,1.187600839
spotify:track:6s908FOHbvhdyTJLPoqxPg,1.194899818,0.034060561,1.288174393,2.439720882,0.202748346,1.162933202,0.636719277,1.271489407,1.809015491,0.987163881
spotify:track:7iN1s7xHE4ifF5povM6A48,2.273224044,0.814099008,0.921908329,1.180321147,0,1.31133583,0.694995279,1.333575176,0.770193511,1.441171382
spotify:track:0YgoNapnyIXuruBrzvoCSu,1.253187614,0.581867912,1.313147079,2.184912098,0,1.550828106,0.597868609,1.012065894,1.747024306,1.082436667
spotify:track:2ymeOsYijJz09LfKw3yM2x,1.865209472,0.60896154,1.354768222,1.956462844,0.020274835,0.974890474,0.671253204,1.180456926,1.825922178,1.308017197
spotify:track:50UoJUrslRVqG0cg6uboyn,0.961748634,0.492845992,1.248634306,1.660650348,0,1.408454077,0.859031431,0.939243628,1.728239098,0.97830433
spotify:track:1jy0RbDHyBMTupSdc98XbG,1.60291439,0.819259699,0.909421986,0.773212861,0,0.8673667,0.707945501,0.637134406,0.47150871,1.418714141
spotify:track:3mDOHVY9MWZOTODSNF5GBj,1.340619308,0.366409062,1.329795536,1.127602088,0.019181584,0.905520297,1.638203157,1.224369664,0.392610839,1.019577739
spotify:track:4kjOWauuYptQVSnuac4dsr,0.757741348,1.003754403,0.805369128,1.209609513,0.008149688,1.081670995,0.941049508,1.007873547,0.713837888,0.884531856
spotify:track:2xYlyywNgefLCRDG8hlxZq,2.244080146,0.704434324,0.53066958,1.259399735,0.000185853,0.962420358,0.694995279,1.526971556,1.025672334,1.173048404
spotify:track:39Bd345OWEhRNyfayhp9gv,1.865209472,1.15728496,0.896935643,0.699991946,0.095510373,0.728048262,0.595710239,0.859774959,0.854726945,1.353008771
spotify:track:6gvfXd7pEUSPuNEMWwOJUH,1.486338798,0.198686604,1.616981427,1.70165406,0,1.163511287,1.115877512,1.144296776,1.747024306,1.069550587
spotify:track:0SxFyA4FqmEQqZVuAlg8lf,1.777777778,0.943116283,0.647208782,0.077321286,0.020374221,0.212561783,0.798597059,1.121550276,0.261114385,1.545772196
spotify:track:6vuEG9sZtC4W2zT64f7zLF,1.515482696,0.752170716,1.161229905,1.358980179,0.00132184,1.299030882,0.764063132,1.59664259,1.050093104,1.291152028
spotify:track:2QgWuCtBpNIpl5trmKCxRf,2.098360656,0.774103652,1.096717132,1.490777826,0,1.10041746,1.35545663,1.285748962,0.933624817,3.059136464
spotify:track:6MrILERJLA3Jcq0E9poZsp,1.836065574,0.789585726,0.815774413,0.54183477,2.87227E-05,0.722267414,0.615135573,0.603595634,0.27238551,1.191947593
spotify:track:6jGb3Hhy6Dfhci1Eb3au0R,1.107468124,1.03987924,1.323552365,1.607931289,0.003836317,1.097114118,0.716578983,1.219164089,1.577957437,1.144032486
spotify:track:15en5xAk3uORkyA01e6pIO,1.282331512,0.455430982,1.317309193,1.771946139,0,0.708228211,8.97882099,1.74677693,1.825922178,0.787592715
spotify:track:3M8FzayQWtkvOhqMn2V4T2,1.981785064,1.008915094,1.288174393,0.64434405,0.00011827,0.856796006,1.439633077,0.698662435,0.794614281,1.534914206
spotify:track:4z51Gf7Ppt9Lmu5zmnUIz9,1.369763206,0.335444916,1.030123303,0.899152834,0.000517803,0.49962218,0.869823283,0.752670268,1.506573649,1.09073879
spotify:track:3tm6LVXZJg0lG4hQm5ytrT,1.486338798,1.05407114,1.388065137,1.206680676,0,1.376989747,0.761904762,0.77912574,1.540387022,0.85907399
spotify:track:7buqgbdJkbLhAQIKqyYbbz,0.932604736,0.602510676,0.982258988,1.473204806,0,1.17267806,0.587076757,1.419708839,0.832184696,1.178112699
spotify:track:14nBn3kUcfhDnGyKRUrVHr,1.690346084,0.667019314,1.402632537,2.328425091,0,1.383844181,0.915149062,1.375377796,1.645584185,1.074294657
spotify:track:3gsCAGsWr6pUm1Vy7CPPob,2.069216758,0.937955592,0.992664273,1.115886742,0,1.154592264,0.738162687,1.130055812,0.61803333,1.701460714
spotify:track:3YaR3Drv2GP6BHKz6d8Q2f,1.078324226,0.879897818,0.680505697,2.067758635,0.00234552,1.510775088,0.867664913,0.769997394,1.057607187,1.667629565
spotify:track:6WCeFNVAXUtNczb7lqLiZU,2.04007286,0.042059632,1.302741793,2.351855784,0.000134172,1.404242317,0.772696614,1.393588011,1.818408095,1.396179808
spotify:track:5YLVhkyMsAuYKOKihHJo21,1.253187614,0.368989408,1.433848395,2.551016672,0.000330957,1.345277667,0.606502091,0.914656585,1.686911641,1.594559026
spotify:track:4sIkDCqNjTubfb5UVs8lEA,1.573770492,0.58573843,0.738775298,1.801234505,0,1.404572651,0.677728315,1.275272744,1.132748018,1.229977245
spotify:track:1vZTgn4JXWMahR8r99ug5H,1.544626594,1.141802887,0.549399095,0.93722771,0.014013489,1.032451203,0.70147039,1.283806167,0.32122705,1.251799967
spotify:track:0X3d9gx7UDYgcwwkgTeNLR,1.486338798,1.00246423,1.410956766,1.789519158,0,1.314061087,1.092135438,0.91979709,1.542265543,1.241446034
spotify:track:7GVUmCP00eSsqc4tzj1sDD,2.273224044,0.221909714,1.521252796,2.354784621,0.00278282,1.370630814,1.020909214,0.998196757,1.797744366,1.221200715
spotify:track:0xqb2Euq1PAxKHBA36NUnx,1.60291439,0.171592976,1.614900369,2.325496255,0.000233558,1.362289876,1.560501821,1.015802752,1.587350041,0.959565253
spotify:track:0PxYWaGiwWtcuL1VIMiEW4,1.31147541,0.483814783,0.948962073,2.732604541,0,1.569574571,3.302306758,1.162432625,0.689417118,0.983208512
spotify:track:6B9tR2OEurD4FsZM5btj3X,0.786885246,0.095343767,1.504604339,2.498297614,2.246133632,1.314886922,0.636719277,1.062197433,1.812772532,1.257813076
spotify:track:3HiIBzaoBkOTLmRYkdsusv,1.107468124,0.821840044,1.45257791,1.540568048,0,0.815917152,6.431943882,1.113872054,1.433311339,1.172573997
spotify:track:0dBatXn1vVUl0jLgXRClwD,2.069216758,0.334154743,1.383903023,1.971107027,7.57325E-05,1.343460829,1.064076622,1.232996044,1.463367671,1.912743803
spotify:track:7Eq6uD4xcTs4Ddmyv6Ttjs,0.699453552,0.443819427,1.31939025,1.253542062,0.02514477,0.634398523,1.016592473,1.116976807,1.145897663,1.019737852
spotify:track:4pCNJwixy2ImFncaPY2yE2,1.690346084,0.473493401,1.311066022,2.275706033,0,1.641835172,0.673411574,1.204895238,1.743267264,1.218591477
spotify:track:0VwTeYNjcl30DyQlt3GPe0,1.690346084,0.131597621,1.340200822,1.853953563,0.000677816,1.33883615,0.563334682,1.070777335,1.215402931,1.15312331
spotify:track:2hl9ONQ7YGgZGYx0OSHvIq,1.690346084,0.05728367,1.48171271,1.99453772,0.002335581,1.475511915,0.634560907,1.166578493,1.519723294,1.9247463
spotify:track:3awuorsQsio2PUOvzq3hpd,1.369763206,0.96504922,1.662764684,1.010448625,0.000237534,1.048637578,0.595710239,0.840486447,1.457732109,0.930276551
spotify:track:2yDQVcj26tpi9IUJhw9xDs,1.661202186,0.307061115,0.959367359,1.46148946,0,1.137580054,0.682045056,1.279892691,0.726987534,1.257255647
spotify:track:0RgcOUQg4qYAEt9RIdf3oB,1.777777778,0.8618354,1.406794652,2.026754922,0.090938596,0.918733664,1.122352624,0.952954739,1.500938086,1.009063694
spotify:track:1PehfITh0TTRx3LkDdV4h3,1.690346084,0.58573843,1.635710941,1.625504309,0.171938548,1.151371506,1.016592473,0.884018062,1.264244471,1.549964768
spotify:track:2ozTcQyZQmm9tSmc4VZfwU,1.515482696,0.461881846,1.055095989,1.836380544,0.016597536,1.220493932,0.520167274,0.939076306,1.784594721,1.008512196
spotify:track:608xszaAxVh4m7NcKJiAbF,1.981785064,0.077797417,1.363092451,1.774874975,0.784159042,1.1423699,0.615135573,1.023090556,1.437068381,1.729723511
spotify:track:69HICMmc6nNLucAx3aJX9M,1.836065574,1.012785612,1.585765569,1.57278525,0.006648953,1.208849653,1.031701066,0.981650467,1.799622887,1.145058391
spotify:track:3bC0IKk62yB6TDaratb1s2,1.690346084,0.237391787,1.537901254,0.981160259,2.425029231,0.659669088,0.746796169,1.16298107,1.536629981,2.092923582
spotify:track:1tMyqN7bNCokdg7jWgKPc8,1.02003643,0.073281812,1.49628011,2.313780908,0,1.339166484,1.124510994,0.964434889,1.589228562,1.583730686
spotify:track:1WoFmc10jNDFmkoiaG1kYK,1.836065574,0.07341083,1.515009625,1.733871263,3.21018E-05,1.213969832,0.541750978,0.970532847,1.812772532,1.188549653
spotify:track:5uuJruktM9fMdN9Va0DUMl,1.923497268,0.056122515,1.693980542,1.96817819,0,1.003381796,1.336031296,1.016890346,1.752659868,1.779026259
spotify:track:0rHiGIRASJq8snJGFJMpnI,1.632058288,0.716045879,1.342281879,1.230111369,0,1.166732045,1.346823149,1.199922056,1.095177602,1.581750037
spotify:track:6Qb7gtV6Q4MnUjSbkFcopl,1.952641166,0.214168677,1.696061599,1.089527213,0.001152883,0.941774473,1.623094564,0.945220742,0.550406582,1.288886734
spotify:track:5vVuiXoHyRGxJeCaHUpgae,1.398907104,0.079216607,1.602414026,1.619646636,0.010534963,0.874221134,0.578443275,0.914191801,1.698182766,1.364554651
spotify:track:5EdlwzcgIAYs2HGvOnczPN,1.632058288,0.218039195,1.348525051,1.921316805,0.000116282,1.389459862,0.744637798,0.902544329,1.561050751,1.338225063
spotify:track:2M2WJ7gBlcKNxdhyfPp9zY,1.89435337,0.576707221,1.631548827,2.088260491,1.391410214,1.433063973,0.731687576,1.073119844,1.822165136,1.307940106
spotify:track:2IcqY68BxP1ONPi3ME6aje,1.806921676,1.202441007,0.697154154,0.887437488,0.269337263,1.096288283,0.679886686,1.061788424,0.349404861,1.095880175
spotify:track:1qOwgAjki5VN0G2kXEUCLG,0.553734062,0.807648144,1.279850164,1.139317435,0,0.834828784,1.50654256,0.756072483,1.358170509,1.047093345
spotify:track:4wlRO5dyyO7jYrzs2PltV8,0.990892532,1.229534635,1.302741793,0.530119423,0.076428175,0.827065931,0.85039795,1.151835563,0.475265752,1.313870193
spotify:track:0M4IiNtcu6Ed0F1rY1Imzp,0.641165756,0.438658736,1.479631653,2.439720882,0,1.414317509,2.028868205,1.115619639,1.196617723,1.487740359
spotify:track:39iKJpLPhsDTOzH2lXliWF,1.224043716,0.074184933,1.365173508,1.892028439,0.04611531,1.242791489,0.725212465,1.093040461,1.408890569,1.433420758
spotify:track:21jOt25HxvWACZoPQkOzJ7,0.699453552,0.414145454,1.398470423,1.543496884,0,1.179119577,0.807230541,0.958587914,1.497181045,1.289438232
spotify:track:64PqvBqVyWABznKG6DXU6p,1.253187614,0.939245765,1.144581447,1.101242559,0.001431165,1.056400431,0.656144611,1.228673558,0.929867776,1.36043917
spotify:track:3unwRUV5qbjMmH3NJtaODy,1.282331512,0.183204531,1.544144425,1.757301956,0,1.203316555,0.688520167,0.94741452,1.792108804,1.636704158
spotify:track:3mRM4NM8iO7UBqrSigCQFH,2.214936248,0.041543563,1.462983195,2.419219026,0.062514073,1.407132741,0.736004317,0.962696599,1.775202117,1.692286869
spotify:track:3dFR132gzO8jxD57R2gid3,1.632058288,1.072133559,0.69299204,1.07488303,0.00011827,1.169209552,0.628085795,0.724931993,0.128678672,1.282600842
spotify:track:3mRM4NM8iO7UBqrSigCQFH,2.214936248,0.041543563,1.462983195,2.419219026,0.062514073,1.407132741,0.736004317,0.962696599,1.775202117,1.692286869
spotify:track:3FGcQkWQlkeB82RdZwlw8V,1.661202186,0.326413707,1.542063368,0.78199937,0.004442574,0.579232716,0.615135573,0.95213672,0.933624817,1.271410766
spotify:track:2JoZzpdeP2G6Csfdq5aLXP,2.18579235,0.135468139,1.317309193,1.045594664,0,1.226522531,0.569809794,0.975468847,1.266122991,1.454057462
spotify:track:2eRYuzlSOBk3HlMsCSOLPJ,1.573770492,0.091989317,1.342281879,1.769017302,0,1.182092584,2.546877108,1.454177177,1.023793814,1.271250654
spotify:track:5WdF8jm3hBNi1t9qlqdjsE,1.253187614,0.166432285,1.219499506,1.356051343,0.000703656,1.180027996,0.543909348,0.896836789,1.035064938,1.517865204
spotify:track:0y0QpmcF1G3F79rjk3fjUx,1.486338798,0.12785612,1.737682743,1.528852701,0.018287106,1.10578539,1.977067314,1.152049364,1.709453891,2.005158287
spotify:track:4ztwMHfPZhPoruZdBbgriM,1.60291439,1.152124269,1.003069559,0.224348883,0.003766746,0.295971162,0.6496695,0.7038866,0.255478823,1.289361141
spotify:track:1HOMkjp0nHMaTnfAkslCQj,2.127504554,0.075991175,1.219499506,2.050185615,0.012423305,1.21066649,0.783488466,1.368740689,1.685033121,1.751747856
spotify:track:1ibRqifchaAfeNdQGpbRVW,1.74863388,0.004992969,1.783466001,2.050185615,0.162993768,0.802043117,0.772696614,1.120397613,1.827800698,1.750010341
spotify:track:3ClOMebBxeNTYCOfTH24YJ,1.952641166,0.033286457,1.893762031,1.877384256,0.000638061,1.065484621,1.271280183,1.101843459,1.696304245,1.964993804
spotify:track:4z7maGZkAonDlXlwo8q69f,1.923497268,0.01844947,1.487955882,2.017968412,0.00190822,1.333963721,0.625927425,1.036504206,1.600499687,1.964833691
spotify:track:7wbPfd2mXbStoZZSnHNd2V,1.544626594,1.10567805,1.167473076,1.467347133,0.105349631,1.21182266,0.574126534,0.703496182,0.636818537,2.047303419
spotify:track:7cv28LXcjAC3GsXbUvXKbX,1.89435337,0.023352127,1.612819312,2.140979549,0.094615895,1.280284418,1.156886551,1.084432672,1.048214583,1.174548717
spotify:track:2zMJN9JvDlvGP4jB03l1Bz,1.806921676,0.007212066,1.712710057,2.176125589,0.304122518,0.845482061,0.682045056,1.119858464,1.814651053,1.866554351
spotify:track:4YOJFyjqh8eAcbKFfv88mV,1.74863388,0.038963217,1.571198169,2.299136725,0,1.096370866,1.342506408,1.175390787,1.433311339,1.699960402
spotify:track:7GK2KVYH8FrTC9zehmjVMd,1.719489982,0.085280419,1.625305655,1.628433146,0.901435046,0.920880836,1.318764333,1.171244919,1.818408095,2.917205749
spotify:track:3w3rLh6wmne91BS2rwgcog,1.544626594,0.77281348,0.896935643,1.356051343,0.028026977,1.393671623,0.578443275,0.996402693,1.290543761,1.501575254
spotify:track:7HKxTNVlkHsfMLhigmhC0I,1.89435337,0.000833452,1.152905676,2.439720882,0.024846611,1.449415515,0.748954539,1.326240893,1.452096547,1.258524686
spotify:track:4gMgiXfqyzZLMhsksGmbQV,2.18579235,0.100762492,1.444253681,1.153961618,0.006728462,0.688490744,0.923782544,0.967920765,1.350656426,1.415790607
spotify:track:56BSwBKWHYldQOgYLHiehs,1.194899818,0.022836058,1.456740024,1.810021014,0.000285239,1.505159407,0.576284905,0.965039107,1.153411746,1.611009089
spotify:track:7oOOI85fVQvVnK5ynNMdW7,2.098360656,0.230940923,1.681494199,1.566927577,0.00098492,0.965971451,0.761904762,1.05999436,1.592985603,1.308337421
spotify:track:0m4jVVZrsv0bLkAr1uM6UG,1.777777778,0.708304842,1.515009625,1.543496884,0.001212515,1.320915521,0.554701201,0.838683087,0.929867776,1.522057776
spotify:track:35ItUJlMtjOQW3SSiTCrrw,1.89435337,0.8760273,1.294417564,2.287421379,0,1.44206558,1.113719142,0.713061425,1.348777905,0.96881619
spotify:track:4Ku6X72Q815qNd7ChuiDdD,1.224043716,0.589608949,1.700223714,2.246417667,0.718563989,1.405893988,1.010117361,1.198490523,1.649341226,1.375068696
spotify:track:4vAeAdQuqHE8NYi1xrZzX8,1.632058288,0.003083513,1.868789345,1.59035827,4.124537421,1.126018358,1.357615001,1.135307865,0.477144273,1.410174815
spotify:track:562JrM9b7jiu8LgzV62x3o,1.865209472,1.162445651,0.72212684,0.667774743,0,1.201664884,0.638877647,1.241659607,0.34564782,1.312761267
spotify:track:0odIT9B9BvOCnXfS0e4lB5,2.069216758,0.026319524,1.404713595,1.900814949,0,1.151784424,0.688520167,1.084098028,1.119598372,1.352059957
spotify:track:5Pj5zrq2nbKcAekH1AxbrO,1.690346084,1.110838741,0.753342698,0.535977096,0.002325643,0.678663303,0.748954539,1.2702159,0.375704152,1.374991605
spotify:track:5y0YreEOnQiKFAnCrcFIXz,1.573770492,0.388341999,1.458821081,2.313780908,0.000602282,1.491285372,1.564818562,0.921237918,0.790857239,1.402744415
spotify:track:3K7Q9PHUWPTaknlbFPThn2,1.806921676,0.167722458,1.860465116,1.880313093,0.278282043,1.021054674,1.271280183,1.13085524,1.686911641,1.77230747
spotify:track:7cDzJyC95jtGO9zAeZsWOg,1.74863388,0.559934975,1.696061599,2.170267915,1.103189527,1.217273174,0.669094833,1.126830215,1.812772532,1.571396104
spotify:track:0zvNHIL7ci0ZzIoWU6RO2u,1.719489982,0.157401076,1.425524166,2.102904674,0,1.362124709,1.124510994,1.222036451,1.799622887,1.133044034
spotify:track:4w3tQBXhn5345eUXDGBWZG,2.18579235,0.536711866,1.152905676,2.293279052,1.53055E-05,1.516721103,0.986375287,0.979670489,1.527237377,0.963443531
spotify:track:4rcHWl68ai6KvpXlc8vbnE,2.04007286,0.066959966,0.636803496,2.11462002,0,1.50755433,0.733845946,1.624250726,0.770193511,1.187755022
spotify:track:3hVrI7snZMTmHCnbwME47u,1.632058288,0.093924577,1.746006972,1.853953563,0.000305116,1.06242903,0.960474841,1.150952475,1.576078917,1.332923564
spotify:track:2KH16WveTQWT6KOG9Rg6e2,2.18579235,0.170302804,1.700223714,1.754373119,0.003090918,1.236184805,0.707945501,1.012047302,1.029429376,1.456666701
spotify:track:2Cdvbe2G4hZsnhNMKyGrie,2.069216758,0.420596318,1.11336559,2.097047001,0,1.585017694,0.930257655,0.877315885,1.692547204,1.038791223
spotify:track:1ynmMEK1fkyiZ6Z6F3ThEt,2.069216758,0.321253016,1.358930337,1.982822373,0,0.988847092,0.85471469,1.063145591,1.668126434,1.284059643
spotify:track:43btz2xjMKpcmjkuRsvxyg,2.127504554,0.056767601,1.679413142,1.227182532,4.95938E-05,1.323723362,0.919465803,0.966442753,1.151533225,1.509165766
spotify:track:67eX1ovaHyVPUinMHeUtIM,2.04007286,0.061283206,1.689818428,2.120477693,0.000447239,1.560572965,0.766221503,1.166020753,1.820286615,1.298451965
spotify:track:2E2ZVy2fxslpAUgbb4zu84,1.544626594,0.096633939,1.646116227,1.566927577,1.94797E-05,0.904859629,0.766221503,1.185086169,1.809015491,1.828678882
spotify:track:07TnWCHrFkvF61GzJuLVt0,1.981785064,0.072249674,0.828260756,1.669436858,0.012423305,1.416299514,0.733845946,1.310447553,0.439573858,1.804009718
spotify:track:1JSTJqkT5qHq8MDJnJbRE1,2.418943534,0.700563805,1.706466885,1.32383414,0.029219614,1.191011607,0.75111291,1.091320762,1.390105362,1.505767826
spotify:track:5ChkMS8OtdzJeqyybCc9R5,2.33151184,0.030448077,1.914572603,1.915459132,0.157030581,1.748037609,0.865506543,1.0880208,1.591107083,1.742419829
spotify:track:0FIQjzPGk8eJd1cDRHRFWb,1.398907104,0.159981422,1.340200822,1.827594034,4.19411E-05,1.328017706,0.783488466,1.161187006,1.085784999,1.387877685
spotify:track:46RVKt5Edm1zl0rXhPJZxz,2.127504554,0.062573379,1.552468654,2.313780908,0.259398619,1.611857345,0.554701201,0.996783815,1.673761996,1.309760642
spotify:track:1OOtq8tRnDM8kG2gqUPjAj,2.214936248,0.063347482,1.621143541,2.539301326,7.93104E-05,1.694110555,0.986375287,1.290777918,1.718846494,1.530199786
spotify:track:5prTs2HAw2G4idHZyeFp8o,2.156648452,0.251583687,0.905259872,1.927174478,0,1.324549197,1.426682854,1.211002493,0.34564782,1.599860524
spotify:track:7j74lucZ59vqN67Ipe2ZcY,2.127504554,0.052381014,1.504604339,1.46148946,0.000938208,0.919642083,0.908673951,0.825687743,1.555415188,1.619939801
spotify:track:0QKfiqpEU4h9ycPSzIFwYe,2.010928962,0.114954392,1.284012278,1.561069904,4.01521E-05,1.048967912,1.40509915,1.476709877,1.568564834,1.451133929
spotify:track:1TfqLAPs4K3s2rJMoCokcS,2.33151184,0.292869215,1.440091567,2.082402818,0,1.38078859,0.684203426,1.163213461,1.643705664,1.286431678
spotify:track:51H2y6YrNNXcy3dfc3qSbA,2.010928962,0.013159762,1.517090682,2.89661939,0.00044227,1.619042113,1.057601511,1.175623179,1.577957437,2.09276347
spotify:track:6W2VbtvMrDXm5vYeB7amkO,2.010928962,0.105665149,1.136257219,2.621308751,0.000141129,1.406306905,1.249696479,1.618273611,0.927989255,1.308811828
spotify:track:63CHa6rmamv9OsehkRD8oz,2.098360656,0.255454205,1.207013163,1.458560623,0,1.430090966,0.597868609,1.080816657,0.208515804,1.223732863
spotify:track:7N3PAbqfTjSEU1edb2tY8j,2.244080146,0.220619541,1.190364705,2.445578555,0.00373693,1.486412942,0.684203426,1.208381114,1.495302524,1.432709147
spotify:track:0mHyWYXmmCB9iQyK18m3FQ,1.690346084,0.517359274,1.169554133,0.714636129,0,0.838214709,0.807230541,0.575225254,0.105760719,1.489086489
spotify:track:0GTK6TesV108Jj5D3MHsYb,1.981785064,0.394792863,1.446334738,2.184912098,0.052078497,1.329421626,0.835289357,1.163101913,1.662490872,1.577640486
spotify:track:300zfRaCgTmEm5Eqe3HqZZ,1.865209472,0.016127159,1.621143541,2.099975837,0.532711339,1.198939627,0.723054094,1.072571399,1.482152879,1.427965077
spotify:track:2wSAWEYUHkt92X4SBAPqZE,2.127504554,0.29028887,1.390146194,2.138050713,0,1.40688499,0.789963577,0.855656978,1.679397558,1.498966015
spotify:track:1ZPlNanZsJSPK5h9YZZFbZ,2.04007286,0.260614896,1.608657198,1.921316805,0.032101821,1.101491046,0.822339134,1.11319347,1.824043657,1.296477246
spotify:track:0ikz6tENMONtK6qGkOrU3c,2.273224044,0.350926989,1.29025545,1.681152204,0,1.017833916,0.908673951,0.758043164,1.690668683,1.371824938
spotify:track:1JLn8RhQzHz3qDqsChcmBl,2.214936248,0.249003342,0.992664273,1.379482035,1.7492E-05,1.171191557,0.597868609,0.754845454,0.794614281,1.807413588
spotify:track:5yR9u8QiOt8hJaddv32oo7,1.690346084,0.015482073,1.652359399,2.709173848,3.17042756,1.687999372,1.348981519,1.160880249,1.748902826,1.297977558
spotify:track:4RvWPyQ5RL0ao9LPZeSouE,2.33151184,0.479944265,1.327714479,2.343069274,0.054960703,1.002638544,1.234587886,1.041626119,1.068878312,1.491351783
spotify:track:4yqtwO7MQIIXqoiRBPHAgR,1.806921676,0.063347482,1.388065137,1.918387968,0.008885148,1.228752287,0.792121948,1.247590243,1.234188139,3.002996325
spotify:track:6B4oVElDIKRNcNUary0WG7,1.661202186,0.138048485,1.377659851,2.10583351,0,1.454453111,0.643194388,0.883097791,0.959924108,1.330237235
spotify:track:2WfaOiMkCvy7F5fcp2zZ8L,2.389799636,0.02322311,1.192445762,2.641810607,0.012423305,1.369226894,1.165520032,0.784665958,1.645584185,1.335930119
spotify:track:17CPezzLWzvGfpZW6X8XT0,2.04007286,0.473493401,1.331876593,1.189107657,0,1.080927744,0.591393498,1.190087239,0.437695337,1.42954841
spotify:track:3d6UefBBvhqHxJLZdm8scF,0.990892532,0.615412404,1.140419333,1.042665827,0,0.501191268,0.777013355,1.297080382,0.52035025,1.976302481
spotify:track:78FHUZRbFDCG6VkRAQdFLm,1.777777778,0.172883149,0.595182353,1.464418296,0.000454196,0.820624414,0.770538244,0.921777067,0.832184696,2.039552794
spotify:track:5tdKaKLnC4SgtDZ6RlWeal,1.981785064,0.259324724,1.731439571,1.593287107,0.001381472,0.951436747,0.95399973,1.110739413,1.743267264,1.633934807
spotify:track:6N5DRCQUSXT1qQqmqsO92B,1.690346084,0.012643693,1.454658967,2.038470269,0.003428832,0.922697674,0.988533657,1.255166213,1.264244471,1.502049661
spotify:track:2VN7uPrbryJ7nE2MXX3f9a,1.74863388,0.384471481,1.356849279,1.783661485,8.73607E-05,1.200260964,0.60434372,0.912137459,1.21352441,1.364554651
spotify:track:5BXj1QDRU77J1ngVavG1tI,1.60291439,0.37027958,1.01763696,1.979893537,0,1.275824906,0.792121948,0.834146801,1.170318433,1.523795292
spotify:track:5izGeTxueiFX1UPFGohY9w,1.923497268,0.465752364,1.460902138,1.72801359,3.88601E-05,0.946233984,0.65182787,1.03711772,1.827800698,2.156417029
spotify:track:1Jwc3ODLQxtbnS8M9TflSP,1.836065574,0.004438194,1.506685396,2.609593404,0.000463141,1.354361856,2.147578578,0.957658347,1.538508501,1.213930428
spotify:track:54b8qPFqYqIndfdxiLApea,2.098360656,0.823130217,0.8698819,1.32383414,0.002584048,0.918238163,0.768379873,1.627559983,0.315591487,1.297105836
spotify:track:7wQ9alB79WZb0F5gFLbxSh,1.515482696,0.67476035,1.637791998,1.388268545,0,1.142452483,0.571968164,0.883042017,1.551658147,1.455320571
spotify:track:2tUBqZG2AbRi7Q0BIrVrEj,2.33151184,0.26706576,1.475469539,2.413361353,0.003051164,1.271282811,0.977741805,1.104455542,1.628677498,1.727392987
spotify:track:4HbEAwk5eSPUPkIM3zThIR,0.641165756,0.176753667,1.005150617,2.009181903,1.68957E-05,1.477163586,0.738162687,1.879519075,1.130869497,1.558824319
spotify:track:1qOU8KzFifXE9YrgjVwYvc,1.923497268,0.015095021,0.607668696,2.410432516,0.00077422,1.441487495,0.878456765,0.836043117,0.458359065,1.633116455
spotify:track:6qqODGz2Ob4Yt139qzN3NO,0.320582878,0.206427641,1.175797305,1.200823003,8.070179243,1.089599016,0.809388911,1.034951829,0.661239307,1.618611461
spotify:track:303oOLP2Jf6M4rke52qItM,1.369763206,0.04167258,1.188283648,2.764821744,3.24E-05,1.556939289,1.55402671,1.586733408,0.935503338,1.434766888
spotify:track:37ZJ0p5Jm13JPevGcx4SkF,2.389799636,0.10037544,1.107122418,2.597878058,0.00212687,1.689733627,0.723054094,1.138821628,1.493424003,1.478329311
spotify:track:0HEmnAUT8PHznIAAmVXqFJ,2.156648452,0.012127624,1.845897716,1.405841565,0.000355803,1.009492978,2.525293403,0.890952631,1.140262101,1.145692911
spotify:track:5eU8qMd0TpaLqTGDZJaLDs,1.89435337,0.091989317,1.666926799,2.117548857,1.530551236,1.588321035,1.487117226,1.013506722,1.65873383,1.070487541
spotify:track:3OeUlriM0EZHdWleJtjoVr,2.010928962,0.599930331,1.596170855,2.50122645,2.01754E-05,1.426292123,0.919465803,1.386969495,1.809015491,1.391512829
spotify:track:7GhIk7Il098yCjg4BQjzvb,1.89435337,0.174173322,1.512928568,2.750177561,0.000432331,1.020972091,0.796438689,1.053478096,1.720725015,1.262082739
spotify:track:7snQQk1zcKl8gZ92AnueZW,2.127504554,0.116244565,0.928151501,2.788252436,0.851741824,1.560572965,1.128827735,1.164775134,1.172196954,2.111508476
spotify:track:4l2Edgdj4vla02GCh7YyAv,1.690346084,0.345766298,1.45257791,2.319638582,0.000513828,1.173256145,1.070551733,1.106946781,1.495302524,1.640659527
spotify:track:58mFu3oIpBa0HLNeJIxsw3,1.923497268,0.045156046,1.325633422,2.302065562,2.55423E-05,1.158308524,0.699312019,1.142177364,1.51033069,1.466469135
spotify:track:5HNstg5iwAVAa0xT83pWTN,0.72859745,0.517359274,0.751261641,1.025092808,0.116282139,1.332642384,0.6496695,0.8908039,0.428302733,1.290149843
spotify:track:0LBtQiEVfP4ysLQ43Do8uN,1.31147541,0.312221806,1.130014047,1.124673252,1.15288E-05,0.759760343,0.662619722,1.196984625,0.764557949,1.538899225
spotify:track:2QlPByrmEO9XciNBXCrawR,1.544626594,0.090312093,1.579522397,1.889099602,0.400527369,0.897344526,0.595710239,1.089954299,1.792108804,1.901974764
spotify:track:5VpJrXw5GRP0tSFXAzrRM5,1.340619308,0.598640158,0.819936528,1.631361982,0,1.409362496,0.699312019,1.607332609,0.349404861,1.427093354
spotify:track:0v9kGNjkKdQUdDoBIuiph4,1.632058288,0.084506315,1.585765569,1.830522871,0,1.13444188,1.213004182,1.024038715,1.307450448,1.72897632
spotify:track:43GS3mtezoIFiuIZCLLiDY,2.04007286,0.206427641,1.109203475,1.86566891,0.000111313,1.539927079,0.697153649,1.302945948,0.548528062,1.542848663
spotify:track:5xl5582IihbEZAnfj0xyso,1.74863388,0.344476125,1.600332969,2.419219026,0.175914006,1.318520598,1.346823149,0.891101361,1.431432818,1.482711645
spotify:track:4r5VaK6H1bq0cTGPMTN97Z,1.369763206,0.039866338,1.479631653,2.855615678,0.001311901,1.347342255,0.85039795,1.070768039,1.211645889,1.496356777
spotify:track:6jrp8qBMJO6vhAeYVAsdk9,1.544626594,0.19223574,1.829249259,1.988680047,0.086565593,1.290607361,0.908673951,1.137603895,1.360049029,1.368978496
spotify:track:2Pxqs0WmxxHTV5QaTdmt3Q,1.60291439,0.710885188,1.06133916,1.34140716,0,1.375172909,0.623769054,1.149818403,0.332498174,1.742574011
spotify:track:0C7dYeCLF6ukChtW64UNge,1.690346084,0.010282677,1.606576141,2.407503679,0.014709194,1.533485562,2.654795629,0.908354122,0.988101919,1.177555271
spotify:track:0kzSooCGpuphLwn8iTuO9h,1.777777778,0.025803455,1.300660736,1.274043918,0.024150906,1.007345806,0.617293943,1.402056365,0.909204047,1.465917637
spotify:track:4FKHWhLF2dyjcoSnGlktw4,1.486338798,0.986982157,1.325633422,1.587429433,0,1.325044698,0.768379873,0.979038384,0.713837888,1.38748037
spotify:track:4VZDv8sASBS8UruUBGTFdk,1.952641166,0.516069102,1.413037823,1.924245642,0,1.182670669,0.55038446,0.909116367,1.025672334,1.582544669
spotify:track:6kvoHl80mfCVTv7XnZkjQn,2.010928962,0.438658736,1.082149732,1.909601459,0.000545632,1.450406517,0.591393498,0.749314532,1.356291988,1.534629562
spotify:track:3nvuPQTw2zuFAVuLsC9IYQ,2.04007286,0.054832342,1.063420217,1.681152204,0.00023157,1.420593858,0.589235127,1.114708664,0.302441842,1.660661712
spotify:track:6m59VvDUi0UQsB2eZ9wVbH,1.89435337,0.002786773,1.7251964,1.678223368,0.042934944,1.148068164,4.834749764,1.039701916,1.508452169,1.55281121
spotify:track:27QvYgBk0CHOVHthWnkuWt,1.89435337,0.004889755,1.533739139,2.577376202,0.034884642,1.467418727,0.934574396,1.07827894,0.61803333,1.878728821
spotify:track:0gLQ6jhJsyYfl7PrD1RZ7X,1.661202186,0.570256357,0.532750637,1.356051343,0,1.094966946,0.824497504,1.908977048,0.664996349,1.241125809
spotify:track:1NCuYqMc8hKMb4cpNTcJbD,2.098360656,0.949567147,1.623224598,1.654792675,0.026734953,1.395488461,0.660461352,0.947851417,0.685660077,1.910276886
spotify:track:3ZqjDpr3qCZnZBPcd0Hpj2,1.661202186,0.111599943,1.515009625,1.358980179,0,1.078697988,1.30581411,0.901159274,0.719473451,1.80551596
spotify:track:5TSANSqPTD6nBG0NSJWmVB,1.282331512,0.021029816,1.273606992,2.75896407,3.87607E-05,1.621106702,0.861189802,1.338929481,1.168439912,1.669123947
spotify:track:1sUTfgduT0WIQO8kXKXxLC,1.89435337,0.077152331,1.150824619,1.789519158,0.00023157,1.176889821,0.75111291,0.731411074,0.695052681,1.988002543
spotify:track:6eBK3edMW7bEzecF1eCezc,1.865209472,0.105278097,1.080068675,1.089527213,0.000464135,0.956556927,0.612977202,1.219842673,0.559799186,2.337243188
spotify:track:3lsse1FoSHnNXc6y0jHxvd,1.632058288,0.007083048,1.146662505,1.730942426,6.50981E-05,1.3059679,2.590044516,1.875856581,0.89041884,1.40511645
spotify:track:2zeGpMojbMPSmLngK2Ojf7,0.641165756,0.002567444,1.677332085,2.741391051,2.444906519,1.505489741,1.346823149,1.052539234,1.452096547,1.778628943
spotify:track:015qd1I4v00JIoK7yOUgKC,1.74863388,0.984401811,1.469226367,1.288688101,0,1.043930316,1.064076622,0.836721701,0.7420157,1.73711833
spotify:track:2drQ6wg2hdl6RDslarifh8,1.282331512,0.246422996,1.33395765,1.678223368,0,1.240396566,1.046809659,1.392732809,0.939260379,1.241920441
spotify:track:5VYTKiOnHw4iTrB9pG3yum,1.806921676,0.000439949,1.325633422,2.486582267,0.383631673,1.433889809,0.781330096,0.96743739,1.75829543,1.244209455
spotify:track:1gVgkQFOKa8Wc1HYsJtPdH,1.952641166,0.603800849,1.279850164,0.37781992,0,0.770165869,0.617293943,0.853054191,0.467751669,1.981283754
spotify:track:4iqnWPNCt4hhZ96KhjlJKq,0.961748634,0.277387142,1.325633422,1.036808154,0.006996806,1.011970485,0.610818832,1.17529783,0.208515804,1.518102408
spotify:track:3IDsegNBHC4pjGCOMTQYlU,1.777777778,0.549613593,1.460902138,2.63888177,0.015206126,1.632503231,0.569809794,0.909692698,1.726360577,1.405270632
spotify:track:3l3xTXsUXeWlkPqzMs7mPD,2.069216758,0.101923648,1.336038708,1.238897879,0,1.233376965,0.537434237,1.390724945,0.948652983,2.084230074
spotify:track:1SAkL1mYNJlaqnBQxVZrRl,1.952641166,0.005908991,1.941626346,1.950605171,0,1.068705379,6.647780925,1.194177333,1.192860682,1.558587115
spotify:track:27AHAtAirQapVldIm4c9ZX,1.923497268,0.000646377,1.558711826,2.181983262,0.040052737,1.122549849,3.539727506,0.947897895,0.903568485,1.157001588
spotify:track:7okbmgA8lRBGl5limZ7LFM,1.544626594,0.839902463,1.084230789,0.761497514,0,0.68931658,0.660461352,0.892570077,0.411396046,1.297105836
spotify:track:1zTuB57LYZa7xu7KUH8kF0,1.515482696,0.117792772,1.413037823,1.748515446,0.006688708,1.289698942,0.947524619,1.712020426,1.690668683,1.868214775
spotify:track:612VcBshQcy4mpB2utGc3H,2.098360656,1.032138203,1.446334738,0.984089095,0.026238021,0.926496517,0.675569945,0.735371029,0.79273576,1.660424508
spotify:track:3R97rNX7JnmshCWBwOSFet,1.690346084,0.041027494,1.596170855,2.457293901,9.25288E-05,1.544221423,1.323081074,0.911486762,0.86599807,1.669989739
spotify:track:3d9DChrdc6BOeFsbrZ3Is0,2.33151184,0.074313951,1.163310962,1.010448625,0.001043558,0.885452496,0.990692028,0.786236926,0.860362508,1.567363645
spotify:track:4XmsMIMjvDIFEjeY3ycMzW,1.428051002,0.044768995,1.679413142,2.196627445,0.00168957,1.315382424,0.679886686,0.988956862,1.497181045,1.254172002
spotify:track:5AoBNJQDXXEnIJGjJjZu3y,1.719489982,0.025029351,1.492117996,1.880313093,0.002474722,1.114126328,0.619452314,0.984355506,1.375077195,1.94167077
spotify:track:4eHbdreAnSOrDDsFfc4Fpm,2.18579235,1.088905804,0.636803496,0.626771031,5.26748E-05,0.966219201,0.768379873,0.622623867,0.202880242,1.607605219
spotify:track:4EEGHbMUyS07PNVXSGB7Qg,1.690346084,0.001586912,1.664845742,1.871526583,0,1.388386276,0.947524619,1.203259201,0.845334341,1.340359894
spotify:track:5CdJveJgiGXoGwDFqF6afp,1.690346084,0.038060096,1.450496852,1.780732648,0,1.093563026,0.999325509,1.244494786,1.36192755,1.62800472
spotify:track:71EHOyEOhNx1SzTebRRyng,1.89435337,0.138048485,1.442172624,1.561069904,0,1.095379864,0.867664913,1.18669432,1.066999791,1.73103406
spotify:track:1jCsCYgzQQHk3bDJDuFbNi,1.60291439,1.005044575,1.092555018,0.647272887,0,1.072339055,0.684203426,0.341243986,0.779586115,1.120946655
spotify:track:6HcQZfMrw3KwGyzrKw1Pjy,1.632058288,0.232231096,1.458821081,2.064829798,0,1.489633701,0.770538244,0.935785639,1.333749739,1.381473191
spotify:track:4dY4JVC0Q9CwpeZ6JAclIc,1.515482696,0.003573779,1.841735602,2.37235764,0.324993671,1.435954397,5.072170511,0.955343725,0.463994627,1.852322141
spotify:track:3kUNucdH4EZUqWvGcDY8U9,0,0.014449935,1.323552365,2.694529665,0,1.714260939,1.851881829,0.911719154,0.700688243,1.523480997
spotify:track:0hrBpAOgrt8RXigk83LLNE,1.981785064,0.011972803,1.681494199,2.302065562,0.696698972,1.4304213,0.964791582,0.901558988,1.688790162,1.134069939
spotify:track:4WUnM4KNZ0kjp0CUeoyOnS,1.89435337,0.303190597,1.107122418,1.192036493,0,1.202408136,0.50290031,0.773464678,0.432059775,1.540951035
spotify:track:5kK1Iru9ogP3Iy1zsANU1n,1.923497268,0.464462191,1.136257219,1.520066192,0.004571776,1.250802093,0.628085795,1.301895538,0.463994627,2.03046197
spotify:track:4FCb4CUbFCMNRkI6lYc1zI,2.04007286,0.948276974,1.042609646,1.107100232,0,1.226192197,0.625927425,1.115359361,0.334376695,1.528379249
spotify:track:73QZwkXJa4BXj0Lbh82jxA,0.058287796,0.926344037,1.331876593,1.215467186,0.64700575,1.037406216,0.971266694,1.449389908,0.561677707,1.103565569
spotify:track:1xFliXOpcu7E89AsDAZ7JV,1.515482696,0.090828162,1.433848395,1.982822373,0,1.474768663,0.70362876,1.43077998,0.486536877,1.596219451
spotify:track:6kWJvPfC4DgUpRsXKNa9z9,2.069216758,0.007057245,1.660683627,1.830522871,0.000793104,1.199848046,1.182786996,0.871599049,1.611770811,1.252511577
spotify:track:6fFxKLyfNXqFewkQGOx89j,0.029143898,0.000876027,1.298579678,1.660650348,3.886009956,1.277476577,2.132469985,1.18989203,0.22354397,2.281731639
spotify:track:6qspW4YKycviDFjHBOaqUY,2.098360656,0.401243727,1.602414026,1.479062479,0.00073546,1.393423872,1.787130716,1.596977235,1.422040214,1.657500975
spotify:track:1aWV3uY3SIEZVbmv45oFWS,1.923497268,0.024900334,1.687737371,1.34140716,1.40135E-05,1.19993063,0.867664913,0.863939418,1.497181045,1.592424195
spotify:track:3YKptz29AsOlm7WAVnztBh,2.069216758,0.882478164,1.213256334,1.558141067,0,1.412831005,0.666936463,1.224620647,0.418910129,1.710397356
spotify:track:7MYmo0JJJDmu4MZTSAF9y3,1.690346084,0.532841347,1.302741793,1.558141067,0,1.331321048,0.757588021,1.084070141,0.370068589,1.955742867
spotify:track:3pEuO9J2MTEmec8kUfYYvl,1.719489982,0.117147686,1.691899485,2.583233875,0.045419605,1.374429657,0.867664913,1.171096188,1.641827143,1.405033429
spotify:track:6xkryXuiZU360Lngd4sx13,1.952641166,0.179334013,1.396389366,2.129264203,0,1.373603822,0.755429651,0.951486023,1.504695128,1.443934803
spotify:track:7izFzcBTx3DVXFeFYDeZKB,1.486338798,0.439948909,1.14250039,1.19496533,0,1.364271882,0.518008903,0.744889793,0.599248122,1.90039736
spotify:track:6uQKuonTU8VKBz5SHZuQXD,1.89435337,0.020513747,1.662764684,1.845167054,0,1.233707299,1.614461082,0.96346814,1.450218026,1.416104902
spotify:track:28UMiBhn383n9S7GL4tsxD,2.098360656,0.405114245,1.277769107,1.364837852,0,1.183992006,0.705787131,1.114699368,0.334376695,1.622869264
spotify:track:2PsHIonOTmX6bSrzIJSjyS,1.486338798,0.656697932,1.331876593,1.268186245,4.86994E-05,1.221072017,0.807230541,1.636837061,0.46963019,1.820139556
spotify:track:2aBxt229cbLDOvtL7Xbb9x,2.098360656,0.589608949,1.350606108,1.555212231,0,1.311666164,0.783488466,0.733855835,0.91671813,1.530751284
spotify:track:4vDBJeeQCbhP9FaPPMsYkY,1.981785064,0.776683998,1.265282764,1.227182532,7.53349E-05,1.172843228,0.714420612,0.931611884,1.130869497,1.591238177
spotify:track:5KSJ9k1FYjFLnIRlJT2wF8,1.952641166,0.110438788,1.413037823,1.490777826,0,1.396314296,1.331714556,1.341271989,1.003130085,1.325653277
spotify:track:1PEqh7awkpuepLBSq8ZwqD,2.010928962,0.808938317,1.54830654,1.326762977,4.184169287,1.010896899,0.75111291,0.964639394,0.229179533,1.422983804
spotify:track:69QIVIjPMnI1ABLBqh9P1b,1.806921676,0.507037892,1.279850164,1.505422009,0,1.194067198,1.005800621,1.634633987,1.544144064,1.545778126
spotify:track:3DUcaEvPO72PijivCjtZcU,1.194899818,1.263079126,0.930232558,0.896223997,0.148085801,1.335450225,0.727370835,1.170073665,0.681903035,1.483156402
spotify:track:5Ihd9HrPvOADyVoonH9ZjB,1.981785064,0.532841347,1.300660736,1.247684389,0,1.306958902,0.584918387,1.022690843,0.210394325,1.603098352
spotify:track:2RzJwBCXsS1VnjDm2jKKAa,1.777777778,0.310931634,1.144581447,1.300403447,0,1.373356071,0.630244166,1.117144129,0.082279209,1.901583378
spotify:track:3jDdpx9PMlfMBS5tOBHFm9,2.069216758,0.00814099,1.487955882,2.439720882,0,1.555783119,2.331040065,0.887615486,1.149654704,1.263660142
spotify:track:7BD50ATrF3Vab5FQy7vtK8,1.923497268,0.165142113,1.200769991,1.353122506,0,1.34024007,0.60218535,1.192662139,0.484658356,1.583173258
spotify:track:1Je1IMUlBXcx1Fz0WE7oPT,2.302367942,0.130307448,1.598251912,2.530514816,0,1.492524125,0.699312019,1.022597886,1.673761996,1.026065255
spotify:track:5IFCyWplye09HytIP80RCF,1.865209472,0.015224038,1.762655429,1.17739231,0,1.178128574,1.383515446,0.926713067,1.412647611,1.538501909
spotify:track:30lxTiMzVRxp6wLcTn6awC,0.524590164,0.317382498,1.442172624,1.947676334,0.000993864,1.402508062,0.908673951,0.864906168,1.283029678,1.423535302
spotify:track:013AWvizllIUEC2FOBzOnh,2.127504554,0.51993962,1.154986733,2.044327942,0,1.267153634,0.619452314,1.562787766,1.532872939,1.644217579
spotify:track:7BD50ATrF3Vab5FQy7vtK8,1.923497268,0.165142113,1.200769991,1.353122506,0,1.34024007,0.60218535,1.192662139,0.484658356,1.583173258
spotify:track:1GrikfH0jDejDvrxo84n4P,1.923497268,0.101665613,1.816762916,1.730942426,0.070564375,1.261537953,2.201537839,1.144213115,0.931746296,1.786142364
spotify:track:5GorFaKkP2mLREQvhSblIg,2.069216758,0.150950212,1.31939025,1.546425721,2.24613E-05,1.270456976,0.666936463,1.189845551,0.338133737,1.964282193
spotify:track:3DUcaEvPO72PijivCjtZcU,1.194899818,1.263079126,0.930232558,0.896223997,0.148085801,1.335450225,0.727370835,1.170073665,0.681903035,1.483156402
spotify:track:5L0KDoZklMgs9GPoonneEl,1.806921676,0.197396431,1.704385828,0.875722141,0,1.011970485,2.633211925,1.133262818,0.967438191,1.351508459
spotify:track:5MDQNJ7SZTytJwCbWKqJDL,1.777777778,0.384471481,0.853233443,1.370695525,0.00011827,1.324714364,1.193578848,1.650055501,0.89229736,1.897788122
spotify:track:2goLsvvODILDzeeiT4dAoR,2.18579235,0.010579417,1.356849279,2.685743156,0,1.445038587,1.182786996,1.236091501,0.862241028,1.417451032
spotify:track:1KGi9sZVMeszgZOWivFpxs,2.302367942,0.032383336,1.546225483,1.9769647,0.007126008,1.64761602,2.05692702,0.863651253,1.108327248,1.271410766
spotify:track:1AM1o0mKbgAK5oMpY8B3Z7,1.923497268,0.004812344,1.231985849,1.646006165,0.000321018,1.432733639,0.515850533,0.83809746,0.390732318,1.483547788
spotify:track:4J9u7UsXH7F6sFI32KnYuP,1.4571949,0.06154124,1.506685396,1.566927577,0,1.371043732,1.269121813,1.243909159,1.247337784,1.669278129
spotify:track:3MjUtNVVq3C8Fn0MP3zhXa,2.18579235,0.260614896,1.579522397,2.047256778,0.001301962,1.525557542,0.662619722,0.864125332,1.703818328,1.251645785
spotify:track:754kgU5rWscRTfvlsuEwFp,2.244080146,0.029673973,1.094636075,2.193698608,1.7492E-05,1.424888203,0.610818832,0.929399515,0.790857239,1.237490666
spotify:track:11mwFrKvLXCbcVGNxffGyP,2.098360656,0.270936278,1.30482285,2.343069274,0.001222453,1.42645729,3.496560097,1.634317934,1.713210932,1.290226934
spotify:track:2ouURa1AIXp3AvkS52Jry5,1.865209472,0.107600408,1.733520628,1.988680047,0.025641703,1.628704388,0.787805207,1.021742685,1.83155774,1.303830555
spotify:track:0Ph6L4l8dYUuXFmb71Ajnd,2.069216758,0.00530261,0.8844493,2.79411011,0,1.68981621,1.027384325,1.655028684,1.752659868,1.441960084
spotify:track:3y4LxiYMgDl4RethdzpmNe,1.836065574,0.223199886,1.100879247,1.45270295,0,1.256170023,0.625927425,1.272195877,0.522228771,1.48576564
spotify:track:0n2SEXB2qoRQg171q7XqeW,2.04007286,0.206427641,1.267363821,2.703316175,4.70098E-05,1.677263512,0.729529205,1.078260348,1.805258449,1.74929873
spotify:track:1m2xMsxbtxv21Brome189p,1.865209472,0.335444916,1.508766453,1.426343421,0.000108331,1.507884664,0.794280318,1.265010326,1.125233935,1.759415459
spotify:track:4cKGldbhGJniI8BrB3K6tb,1.865209472,0.065024707,1.325633422,2.222986974,0,1.47237374,0.658302981,0.872844669,1.391983882,1.524429811
spotify:track:6nozDLxeL0TE4MS9GqYU1v,1.89435337,0.412855281,1.269444878,1.455631787,0.000607251,1.184074589,0.60218535,0.790419977,1.388226841,1.484656714
spotify:track:6iNcyWk5iUEY7P9zeTc5hm,1.865209472,0.31867267,1.159148848,1.619646636,0,1.343130494,0.688520167,1.299729647,0.475265752,1.423143916
spotify:track:6fA7akEuTUL3dW1V0GELaZ,1.515482696,0.052122979,1.077987618,2.430934372,3.82638E-05,1.437275734,0.833130986,0.887438868,0.98998044,1.518891109
spotify:track:7f1Dmr246cJ9uQYdbplTbh,1.865209472,0.012217936,1.537901254,2.773608253,0.000297165,1.841852514,0.889248617,0.818102478,1.433311339,1.553285617
spotify:track:0wqOReZDnrefefEsrIGeR4,1.865209472,0.00126824,1.105041361,2.504155287,0,1.591211459,0.759746391,1.158035774,0.796492802,1.281296222
spotify:track:3unsLiH5FXmaDWtT5Imolu,2.127504554,0.339315434,1.358930337,1.783661485,0.010038031,1.379054336,0.798597059,0.892216841,0.905447006,1.246504399
spotify:track:28IZUzBnFsBxyrgdsdlQPg,1.74863388,0.013804848,1.610738255,2.580305038,0.428355573,1.613426433,1.979225685,1.055160612,1.455853588,1.615278752
spotify:track:2f5N826udWfjT9iomeaBJt,1.865209472,0.550903766,1.132095104,1.930103315,1.32184E-05,1.406141738,0.643194388,1.021900711,0.678145994,1.630376755
spotify:track:751gBcu62kORDelX7FV0mM,1.719489982,0.366409062,1.502523282,1.742657773,0.005346991,1.180110579,0.895723729,0.743467556,1.38634832,1.291733176
spotify:track:16gvJsVyauI16RqmOrwJJk,1.632058288,0.023997213,1.152905676,2.401646006,0.000487987,1.584191858,0.638877647,0.73579863,1.418283173,1.357592728
spotify:track:6zMUIb4uce1CzpbjR3vMdN,2.069216758,0.461881846,0.992664273,2.13219304,0,1.528447966,1.793605828,0.82925728,1.296179324,1.348424813
spotify:track:04KTF78FFg8sOHC1BADqbY,2.069216758,0.28125766,2.008220176,2.155623732,0,1.586669364,3.10805342,0.995287212,1.730117619,1.353406087
spotify:track:14MgTooapmJdLlEMAr2zAM,1.515482696,0.23868196,1.531658082,1.517137355,0.000150074,1.229247788,3.928234183,1.562797062,1.087663519,1.717750664
spotify:track:5QpaGzWp0hwB5faV8dkbAz,2.069216758,0.04734934,1.161229905,2.10583351,0,1.577750342,0.576284905,1.04136584,0.696931202,1.237016259
spotify:track:4w1lzcaoZ1IC2K5TwjalRP,2.214936248,0.4167258,1.165392019,2.416290189,0,1.681062355,0.818022393,0.882447094,0.503443563,1.408354278
spotify:track:60a0Rd6pjrkxjPbaKzXjfq,2.389799636,0.013288779,1.12793299,2.498297614,0,1.470887236,1.074868474,0.97842487,0.695052681,1.286431678
spotify:track:7J41dYQolQJEtj3UmKLu5r,2.010928962,0.029286922,1.698142656,1.464418296,1.52061E-05,1.624162293,0.647511129,1.153006818,1.219159972,1.469712893
spotify:track:6lSr3iZTC144PKhvbPFzMp,1.89435337,0.012901728,0.915665158,2.720889195,0,1.628869555,1.133144476,1.463974812,0.929867776,1.802746609
spotify:track:4RY96Asd9IefaL3X4LOLZ8,2.04007286,0.365118889,1.800114458,2.138050713,0,1.767692492,8.050721705,0.837502537,1.517844773,1.147276244
spotify:track:5dNfHmqgr128gMY2tc5CeJ,2.04007286,0.078700538,1.654440456,1.531781538,0,1.40828891,0.912990692,1.236546989,1.606135249,1.103393596
spotify:track:66BQYE2D3IebF8JuCFG49j,0,0.793456244,1.529577025,2.413361353,0,1.657856379,0.777013355,0.931444562,1.363806071,1.255197907
spotify:track:5IVuqXILoxVWvWEPm82Jxr,2.156648452,0.00321253,1.344362936,2.255204177,0,1.455278947,4.877917173,0.921804954,1.279272637,1.400289359
spotify:track:3WbphvawbMZ8FyqDxYGdSQ,1.981785064,0.005896089,1.03220436,2.240559994,0,1.532577143,0.712262242,0.688548747,0.633061496,1.544829312
spotify:track:0PXWpNBYg52gABrn1qL1bD,1.806921676,0.058831878,0.919827272,2.322567418,0,1.574529583,0.748954539,0.752809703,0.820913572,1.407014078
spotify:track:0l3GEbH3CviUytD6iX4wzg,1.952641166,0.193525913,1.802195515,2.193698608,0,1.671565247,5.460677189,0.855917256,1.673761996,1.481335865
spotify:track:2RMnvrnOpvcrznNG2I3DYc,0.670309654,0.914732483,1.425524166,1.028021644,0,1.256830691,0.65398624,1.020394813,0.959924108,1.427965077
spotify:track:69j0KoPJuwpnbGWrfn7Yll,1.923497268,0.221909714,1.440091567,1.45270295,6.38061E-05,1.394497458,0.520167274,0.910464238,0.706323805,1.772858968
spotify:track:5rb9QrpfcKFHM1EUbSIurX,2.302367942,0.023610161,1.860465116,2.316709745,0,1.611939929,2.417374882,0.976212501,1.095177602,1.484733805
spotify:track:7z3N2W7Xz1t2G2sAO8wFVH,1.89435337,0.405114245,1.656521513,1.397055055,0,1.408619244,2.331040065,1.114810916,1.28678672,1.375382991
spotify:track:3XVBdLihbNbxUwZosxcGuJ,2.273224044,0.777974171,1.267363821,1.303332284,6.72846E-05,1.246094831,2.287872656,1.100542065,0.311834446,1.356252529
spotify:track:5z7mYFfhw6N6f23VwrokJD,1.865209472,0.162561767,1.812600801,1.748515446,0.001142944,1.592697963,1.00148388,1.171244919,1.192860682,1.387640482
spotify:track:3FZEg8UWOwKzJKzKT90hUZ,2.156648452,0.013546814,0.986421102,1.96817819,0,1.613674183,0.60434372,0.771810049,0.121915997,1.380524377
spotify:track:2yr2HnFYl7XvqJk4fXoQBt,1.981785064,0.447689946,1.733520628,1.508350845,0.015504285,1.587082282,0.997167139,0.90200518,0.751408304,1.526007214
spotify:track:2PpruBYCo4H7WOBJ7Q2EwM,2.244080146,0.132887794,1.515009625,2.852686841,0.005287359,1.813278608,1.435316336,0.739247323,1.812772532,1.394833678
spotify:track:6hspsQYK9iO15rNYnklsYm,0.699453552,0.027867731,1.331876593,2.082402818,1.37153E-05,1.662976559,4.66208013,1.898333507,1.60801377,1.334269694
spotify:track:2Ozc0me9PV5vlt8cokwdvI,1.836065574,0.166432285,1.45257791,2.700387339,0,1.722601877,11.15877512,1.176775842,1.298057844,1.467263767
spotify:track:3LmvfNUQtglbTrydsdIqFU,2.04007286,0.046188185,1.743925914,1.373624362,0,1.33999232,1.802239309,1.30116118,1.46148915,1.194319628
spotify:track:6RcQOut9fWL6FSqeIr5M1r,2.010928962,0.443819427,1.910410489,2.688671992,5.31717E-05,1.8168297,2.059085391,1.022746617,1.656855309,1.185466008
spotify:track:3ibKnFDaa3GhpPGlOUj7ff,2.214936248,0.303190597,1.365173508,1.692867551,0,1.259225614,1.990017537,0.8785708,1.044457542,1.522449162
spotify:track:3xrn9i8zhNZsTtcoWgQEAd,2.098360656,0.002128785,1.377659851,2.170267915,0.301140925,1.553553363,0.720895724,1.217732556,0.758922387,1.12054934
spotify:track:3x9LFpV6tzq0qWaBMvY2UT,1.16575592,0.02270704,1.675251028,2.624237587,0.029120228,1.791063635,0.893565358,0.917835703,1.457732109,1.374434177
spotify:track:5GorCbAP4aL0EJ16frG2hd,2.098360656,0.007121754,1.03220436,1.997466556,0.000292196,1.661820389,0.634560907,1.552934358,0.89041884,1.555657652
spotify:track:0AKAxdNkwq9ZxRdW1DN9zW,1.74863388,0.002128785,1.140419333,2.603735731,0.010833122,1.613343849,0.824497504,0.837056345,0.798371323,1.179927306
spotify:track:0mUyMawtxj1CJ76kn9gIZK,2.18579235,0.577997394,1.246553249,2.299136725,0.033393845,1.66859224,0.666936463,1.301821172,0.976830795,1.38550565
spotify:track:0k2GOhqsrxDTAbFFSdNJjT,2.18579235,0.136758312,1.979085375,1.757301956,0,1.613921934,1.478483745,1.162330373,1.544144064,1.296157022
spotify:track:7j6C8ITuzhA7GHmj2z9mSd,0.174863388,1.282431718,1.373497737,0.535977096,9.223061992,0.741591963,1.467691893,0.733762878,0.409517525,1.050016879
spotify:track:5vdv0xsnP6WK9ZqsPxKKtJ,0.961748634,0.353507335,1.619062484,2.422147862,0,1.525557542,1.346823149,0.929715568,1.429554297,1.290547159
spotify:track:1D1nixOVWOxvNfWi0UD7VX,2.214936248,0.007444297,1.469226367,2.345998111,0,1.476998419,0.861189802,0.929687681,1.183468078,1.537867389
spotify:track:2N5zMZX7YeL1tico8oQxa9,2.04007286,0.022190971,1.737682743,2.170267915,0.573459781,1.867123078,0.731687576,1.040770918,1.149654704,1.079667316
spotify:track:0O45fw2L5vsWpdsOdXwNAR,2.069216758,0.075346089,2.01238229,1.707511734,0,1.540670331,1.70295427,1.087593199,1.810894012,1.439427936
spotify:track:2RWxrpsFshOBFwRBRstUlQ,1.573770492,0.091344231,1.46714531,2.331353928,0,1.434715644,5.762849049,1.543471367,1.623041936,1.248004711
spotify:track:6RX5iL93VZ5fKmyvNXvF1r,2.098360656,0.037802062,0.930232558,2.032612595,5.4265E-05,1.617060108,8.244975044,1.634810605,0.956167066,1.351188234
spotify:track:3Q4WeJmzxuDpzMu9QjQqbM,2.127504554,0.308351288,1.48171271,1.894957276,0,1.646790184,0.725212465,1.051488823,0.548528062,1.589975068
spotify:track:3guTXJKmMURN76FdZLZz29,1.136612022,0.015353056,1.45257791,1.59035827,0,1.327522205,2.503709699,0.744620219,1.168439912,1.363605837
spotify:track:0ZUo4YjG4saFnEJhdWp9Bt,2.098360656,0.349636816,1.080068675,2.193698608,0,1.725987802,0.874140024,1.37487583,0.54477102,1.185703211
spotify:track:4RCWB3V8V0dignt99LZ8vH,2.273224044,1.125030642,1.367254565,0.852291449,0,1.126926777,0.632402536,0.966498527,0.559799186,1.378941044
spotify:track:5AtFypwxB2ShXSxNj12dEd,1.573770492,0.06296043,1.812600801,2.556874346,0.007424167,1.485174189,2.805881559,1.087081937,1.527237377,1.322883926
spotify:track:0CAfXk7DXMnon4gLudAp7J,2.273224044,0.119728032,1.910410489,1.783661485,0,1.534228814,1.70727101,1.189919917,0.571070311,1.372222254
spotify:track:7wZUrN8oemZfsEd1CGkbXE,2.273224044,0.242552478,1.327714479,1.921316805,0,1.513913263,0.770538244,0.967084154,0.422667171,1.556452284
spotify:track:6IwKcFdiRQZOWeYNhUiWIv,2.273224044,0.026964611,1.340200822,1.605002453,8.62674E-05,1.552727528,0.617293943,0.837000571,0.311834446,1.505133306
spotify:track:6FdY9j9tKEktgljxiwa4dp,0.72859745,0.042833735,1.369335622,1.47027597,0,1.239405564,0.641036018,1.097102668,0.189730597,1.105528428
spotify:track:3EXoXwJg7YCKBG0GZbJFqB,1.194899818,0.063734534,0.959367359,2.217129301,0,1.586256447,4.575745312,1.487279052,0.625547413,1.568786866
spotify:track:4E6cwWJWZw2zWf7VFbH7wf,2.18579235,0.026835593,1.213256334,2.302065562,0,1.740522506,0.6496695,1.143850584,1.076392395,1.534866765
spotify:track:5j0McHPthKpOXRr3fBq8M0,1.89435337,0.073797882,1.192445762,2.085331654,0,1.506480744,1.579927155,1.30150512,0.649968183,1.540162333
spotify:track:5Lgcn7u07bHuqbOtXkN62u,2.069216758,0.172883149,1.377659851,2.029683759,0,1.64505593,1.50654256,0.799511141,1.230431097,1.495093668
spotify:track:3NZJlJemX3mzjf56MqC5ML,2.069216758,0.047478357,1.398470423,2.401646006,0.001868465,1.63200773,0.990692028,1.115526683,0.822792092,1.651962273
spotify:track:7xRNsqOQOgWbHV1nbXnfXN,1.777777778,0.193525913,1.808438687,2.492439941,0.008676437,1.487899446,1.784972346,1.209273498,0.7420157,1.491061208
spotify:track:0WfKDYeUAoLA3vdvLKKWMW,1.952641166,0.179334013,1.760574372,2.387001823,2.17656E-05,1.627383051,1.642519897,1.10617524,1.561050751,1.406616762
spotify:track:4vp2J1l5RD4gMZwGFLfRAu,1.981785064,0.106181218,1.542063368,2.190769771,0,1.479806259,0.569809794,1.189520203,1.127112455,1.714583998
spotify:track:1vrd6UOGamcKNGnSHJQlSt,1.952641166,0.219329368,1.286093335,2.170267915,0,1.673795003,0.669094833,1.106035805,0.556042145,1.395153903
spotify:track:3GpbwCm3YxiWDvy29Uo3vP,2.069216758,0.011611555,1.498361167,1.96817819,0,1.434137559,1.189262107,1.161828407,1.324357135,1.213533112
spotify:track:5smPViFYtztTo7ww9gJXpD,1.049180328,1.234695326,1.14250039,0.313385515,0,0.666523522,1.821664643,0.69373573,0.576705873,1.299003464
spotify:track:5R9a4t5t5O0IsznsrKPVro,2.010928962,0.049413616,0.886530357,1.71044057,0,1.562885304,6.388776474,1.798126202,0.510957646,1.145770002
spotify:track:4EWCNWgDS8707fNSZ1oaA5,2.18579235,0.051735927,1.641954113,1.903743785,0,1.491285372,2.611628221,0.81786079,1.159047308,1.251248469
spotify:track:6ihL9TjfRjadfEePzXXyVF,2.04007286,0.020126695,1.485874824,2.12340653,0,1.470556902,0.867664913,0.929455289,1.108327248,1.263743163
spotify:track:11EX5yhxr9Ihl3IN1asrfK,1.923497268,0.119599014,1.221580563,1.821736361,0.006320978,1.542900086,0.65398624,1.003402331,0.433938295,1.646032186
spotify:track:4HlFJV71xXKIGcU3kRyttv,2.389799636,0.23868196,1.40055148,2.594949221,0,1.633329067,0.930257655,0.90179138,1.493424003,1.285482864
spotify:track:3glgou0Tu1wEYeo5Lt87In,0.786885246,0.005870286,1.646116227,2.225915811,0,1.687421288,1.085660326,1.162330373,0.834063217,1.401000969
spotify:track:1bM50INir8voAkVoKuvEUI,2.010928962,0.255454205,1.625305655,2.181983262,0.000113301,1.520189612,0.716578983,1.208418297,0.612397767,1.598117079
spotify:track:6lV2MSQmRIkycDScNtrBXO,2.127504554,0.141919003,1.373497737,2.539301326,0,1.646129516,2.503709699,0.864803915,0.708202326,1.070262197
spotify:track:0SiywuOBRcynK0uKGWdCnn,2.098360656,0.004051142,1.448415795,2.697458502,0.000520785,1.689898794,0.783488466,1.106193832,1.341263822,1.746843674
spotify:track:1DqdF42leyFIzqNDv9CjId,2.04007286,0.004283374,1.569117111,2.354784621,0,1.737632082,1.841089977,1.115182743,1.536629981,1.208949154
spotify:track:1CkvWZme3pRgbzaxZnTl5X,2.127504554,0.169012631,1.517090682,2.214200464,0,1.57725484,0.634560907,0.975533917,0.980587836,1.353797472
spotify:track:4lCv7b86sLynZbXhfScfm2,2.069216758,0.179334013,1.327714479,2.419219026,0,1.589724956,1.033859436,1.153332166,1.219159972,1.351348346
spotify:track:2ya7QgShrnI12YnREgBwav,0.408014572,0.180624186,1.490036939,1.859811236,7.672633467,1.410931584,2.676379334,1.408405306,0.800249843,1.358683865
spotify:track:7rIhVsWn8W82shpRiPDrXc,1.661202186,0.247713169,1.392227251,2.750177561,0,1.734989409,3.474976393,1.199271359,0.995616002,1.499600534
spotify:track:2tJulUYLDKOg9XrtVkMgcJ,2.127504554,0.188365222,1.469226367,1.634290819,0,1.402342895,1.279913665,1.026641502,0.426424212,1.323909831
spotify:track:0iYebKFUSfF72fUu2OW6ZT,2.010928962,0.347056471,1.498361167,2.521728306,5.07865E-05,1.641670004,4.510994199,1.180466222,1.256730388,1.186094597
spotify:track:3JA9Jsuxr4xgHXEawAdCp4,1.981785064,0.241262305,1.005150617,1.897886112,0,1.285569765,7.057871307,0.873225791,0.454602024,1.301221316
spotify:track:3TGRqZ0a2l1LRblBkJoaDx,1.952641166,0.015869125,1.619062484,1.713369407,0,1.4630418,0.938891137,1.116121605,1.175953995,1.146878928
spotify:track:7a86XRg84qjasly9f6bPSD,2.04007286,0.025803455,0.786639613,1.868597746,0.0007613,1.539514161,1.618777823,1.711202407,1.380712758,1.486240047
spotify:track:3AGOgQzp0YcPH41u9p7dOp,1.923497268,0.082958108,1.571198169,2.454365065,0.000158024,1.628374054,1.482800486,1.179406516,0.888540319,1.175266257
spotify:track:6D60klaHqbCl9ySc8VcRss,1.89435337,0.059347947,1.169554133,2.750177561,0,1.646377266,1.025225954,1.07870654,1.284908199,1.316165137
spotify:track:1oHNvJVbFkexQc0BpQp7Y4,1.923497268,0.174173322,1.554549711,2.097047001,0,1.797092233,1.618777823,1.162032912,1.41076909,1.249036546
spotify:track:3SPDQfj2UfWq6A2NllZnzn,2.04007286,0.009818215,1.517090682,2.258133013,0,1.797587735,1.564818562,1.162060799,1.639948622,1.174471625
spotify:track:4YMqbFcDIFiCBd02PzUBcM,2.010928962,0.079861693,1.625305655,1.540568048,0,1.423153948,6.324025361,0.88301413,1.243580742,1.397205713
spotify:track:4G8gkOterJn0Ywt6uhqbhp,2.069216758,0.136758312,0.932313615,2.296207889,0.001073374,1.695597058,1.35329826,1.266488337,0.443330899,1.107817442
spotify:track:01XFgRZfZI7oBagNf1Loml,1.690346084,0.014320918,0.940637844,2.325496255,0.018088333,1.574612167,1.042492918,1.281175493,0.529742854,1.166234734
spotify:track:4rHZZAmHpZrA3iH5zx8frV,2.18579235,0.301900424,1.19452682,1.499564336,0,1.449663266,1.085660326,0.714827602,0.961802629,2.871034087
spotify:track:1mKXFLRA179hdOWQBwUk9e,2.302367942,0.446399773,1.619062484,1.602073616,0.003001471,1.399369888,1.05544314,0.883107086,0.828427655,1.439427936
spotify:track:0nJW01T7XtvILxQgC5J7Wh,2.33151184,1.202441007,1.273606992,0.820074246,0,1.285817515,0.936732767,0.676678179,0.726987534,1.268012826
spotify:track:6F5c58TMEs1byxUstkzVeM,2.214936248,0.006283141,1.152905676,2.26106185,6.55951E-05,1.601864736,0.90219884,1.673071576,0.854726945,1.325647347
spotify:track:5b88tNINg4Q4nrRbrCXUmg,2.273224044,0.282547833,1.346443994,2.407503679,0,1.61499552,3.949817887,1.487483557,1.80713697,1.38004997
spotify:track:3U4isOIWM3VvDubwSI3y7a,2.448087432,1.189539279,0.878206129,0.773212861,0,1.416629848,0.694995279,1.114829508,0.621790371,1.598514394
spotify:track:6sy3LkhNFjJWlaeSMNwQ62,2.098360656,0.084377298,1.381821966,2.064829798,0,1.589394621,0.824497504,1.134229567,0.896054402,1.529013769
spotify:track:6g6A7qNhTfUgOSH7ROOxTD,1.836065574,0.044898012,1.581603455,1.909601459,0,1.395405877,5.007419398,0.932494972,1.425797256,1.053687603
spotify:track:6RtPijgfPKROxEzTHNRiDp,2.214936248,0.054574307,1.610738255,2.214200464,0,1.5874952,0.839606097,1.338873707,1.748902826,1.33332088
spotify:track:5jE48hhRu8E6zBDPRSkEq7,1.981785064,0.073926899,1.679413142,2.597878058,2.85239E-05,1.692293717,1.085660326,1.246102936,1.805258449,1.114382049
spotify:track:76eTTeRkmu1uu8w46f8bue,0.58287796,0.027867731,1.367254565,2.369428804,9.53116E-05,1.558343209,3.798731957,0.957212155,1.172196954,1.140160139
spotify:track:5Nm9ERjJZ5oyfXZTECKmRt,2.389799636,0.758621579,0.8698819,1.230111369,0.000635079,1.467831645,0.893565358,0.781709936,0.34564782,1.024268438
spotify:track:32OlwWuMpZ6b0aN2RZOeMS,2.33151184,0.010334284,1.781384944,1.783661485,0.00081,1.403499065,1.778497235,1.068890314,1.743267264,1.599148914
spotify:track:34gCuhDGsG4bRPIf9bb02f,2.389799636,0.611541885,1.625305655,1.303332284,0,1.499461142,0.636719277,0.73433921,1.110205768,1.669675445
spotify:track:2JzZzZUQj3Qff7wapcbKjc,2.302367942,0.476073746,1.433848395,1.408770401,1.02368E-05,1.380375673,1.759071901,0.743885861,0.531621375,1.36110927
spotify:track:2d8JP84HNLKhmd6IYOoupQ,2.127504554,0.031480215,1.552468654,2.556874346,0,1.685934784,2.762714151,1.376456094,1.53475146,1.31703093
spotify:track:2iuZJX9X9P0GKaE93xcPjk,2.273224044,0.07624921,1.556630768,2.307923235,0,1.4173731,0.720895724,1.116186675,1.660612351,1.396494103
spotify:track:0kzw2tRyuL9rzipi5ntlIy,2.302367942,0.009044111,1.202851048,2.536372489,0,1.6858522,1.336031296,1.190198787,1.16280435,1.180561825
spotify:track:1kHEuJRasudLhjvnbfc4yS,1.981785064,0.132887794,1.581603455,2.058972125,0,1.553057862,1.165520032,0.892356276,1.070756833,1.374754402
spotify:track:5RIVoVdkDLEygELLCniZFr,1.89435337,0.31867267,1.708547942,2.222986974,0,1.294653954,2.611628221,1.301486528,1.80713697,1.097914195
spotify:track:4frLb7nWtsz2ymBE6k2GRP,1.981785064,0.526390484,1.346443994,0.852291449,0,1.316621177,0.783488466,1.113983602,0.751408304,1.646666705
spotify:track:7fBv7CLKzipRk6EC6TWHOB,2.33151184,0.086570592,1.207013163,1.654792675,0,1.416547265,1.05328477,1.050280386,0.259235865,1.436581494
spotify:track:50kpGaPAhYJ3sGmk6vplg0,2.360655738,1.104387878,1.263201706,1.101242559,0,1.177963407,9.777418049,0.95318713,1.023793814,1.385980057
spotify:track:09CtPGIpYB4BrO8qb1RGsF,2.273224044,0.111599943,1.259039592,2.249346503,0,1.692458884,1.027384325,0.931509632,0.777707594,1.190684485
spotify:track:3CRDbSIZ4r5MsZ0YwxuEkn,2.389799636,0.059605981,1.527495968,1.86566891,0.000227595,1.531173223,3.043302307,1.580049822,1.217281452,1.1998524
spotify:track:275a9yzwGB6ncAW4SxY7q3,2.010928962,0.03031906,1.498361167,2.190769771,0,1.543973672,8.482395791,1.349916961,0.462116107,1.469873006
spotify:track:4sPmO7WMQUAf45kwMOtONw,2.04007286,0.433498045,1.000988502,1.320905303,0,1.496653302,0.748954539,1.46839955,0.542892499,1.752299354
spotify:track:7BKLCZ1jbUBVqRi2FVlTVw,2.448087432,0.53413152,1.556630768,1.534710375,0,1.53761474,0.729529205,0.883181452,1.241702222,1.452634241
